family,tribe,genus,species,type,image,complete,corrupt
Bovidae,Alcelaphini,Alcelaphus,buselaphus,LM3,DSCN2869,1,0
Bovidae,Alcelaphini,Alcelaphus,buselaphus,LM3,DSCN2873,1,0
Bovidae,Alcelaphini,Alcelaphus,buselaphus,LM3,DSCN2877,1,0
Bovidae,Alcelaphini,Alcelaphus,buselaphus,LM3,DSCN2883,1,0
Bovidae,Alcelaphini,Alcelaphus,buselaphus,LM3,DSCN2887,1,0
Bovidae,Alcelaphini,Alcelaphus,buselaphus,LM3,DSCN2890,1,0
Bovidae,Alcelaphini,Alcelaphus,buselaphus,LM3,DSCN2894,1,0
Bovidae,Alcelaphini,Alcelaphus,buselaphus,LM3,DSCN2897,1,0
Bovidae,Alcelaphini,Alcelaphus,buselaphus,LM3,DSCN2902,-2,0
Bovidae,Alcelaphini,Alcelaphus,buselaphus,LM3,DSCN2906,0,0
Bovidae,Alcelaphini,Alcelaphus,buselaphus,LM3,DSCN2910,0,0
Bovidae,Alcelaphini,Alcelaphus,buselaphus,LM3,DSCN2921,1,0
Bovidae,Alcelaphini,Alcelaphus,buselaphus,LM3,DSCN2925,0,0
Bovidae,Alcelaphini,Alcelaphus,buselaphus,LM3,DSCN2929,1,0
Bovidae,Alcelaphini,Alcelaphus,buselaphus,LM3,DSCN4146,1,0
Bovidae,Alcelaphini,Alcelaphus,buselaphus,LM3,DSCN4149,1,0
Bovidae,Alcelaphini,Alcelaphus,buselaphus,LM3,DSCN4153,1,0
Bovidae,Alcelaphini,Alcelaphus,buselaphus,LM3,DSCN4794,1,0
Bovidae,Alcelaphini,Alcelaphus,buselaphus,LM3,DSCN4798,1,0
Bovidae,Alcelaphini,Alcelaphus,buselaphus,LM3,DSCN4802,-2,0
Bovidae,Alcelaphini,Alcelaphus,buselaphus,LM3,DSCN4806,1,0
Bovidae,Alcelaphini,Alcelaphus,buselaphus,LM3,DSCN4810,1,0
Bovidae,Alcelaphini,Alcelaphus,buselaphus,LM3,DSCN4815,1,0
Bovidae,Alcelaphini,Alcelaphus,buselaphus,LM3,DSCN4819,1,0
Bovidae,Alcelaphini,Alcelaphus,buselaphus,LM3,DSCN4823,-2,0
Bovidae,Alcelaphini,Alcelaphus,buselaphus,LM3,DSCN4827,1,0
Bovidae,Alcelaphini,Alcelaphus,buselaphus,LM3,DSCN4831,1,0
Bovidae,Alcelaphini,Alcelaphus,buselaphus,LM3,DSCN4835,1,0
Bovidae,Alcelaphini,Alcelaphus,buselaphus,LM3,DSCN4840,1,0
Bovidae,Alcelaphini,Alcelaphus,buselaphus,LM3,DSCN4844,1,0
Bovidae,Alcelaphini,Alcelaphus,buselaphus,LM3,DSCN4849,1,0
Bovidae,Alcelaphini,Connochaetes,gnou,LM3,DSCN2610,1,0
Bovidae,Alcelaphini,Connochaetes,gnou,LM3,DSCN2614,-2,0
Bovidae,Alcelaphini,Connochaetes,gnou,LM3,DSCN2618,1,0
Bovidae,Alcelaphini,Connochaetes,gnou,LM3,DSCN2622,-2,0
Bovidae,Alcelaphini,Connochaetes,gnou,LM3,DSCN2626,1,0
Bovidae,Alcelaphini,Connochaetes,gnou,LM3,DSCN2630,1,0
Bovidae,Alcelaphini,Connochaetes,gnou,LM3,DSCN2634,-2,0
Bovidae,Alcelaphini,Connochaetes,gnou,LM3,DSCN2638,1,0
Bovidae,Alcelaphini,Connochaetes,gnou,LM3,DSCN2642,-2,0
Bovidae,Alcelaphini,Connochaetes,gnou,LM3,DSCN2646,1,0
Bovidae,Alcelaphini,Connochaetes,gnou,LM3,DSCN2649,1,0
Bovidae,Alcelaphini,Connochaetes,gnou,LM3,DSCN2652,1,0
Bovidae,Alcelaphini,Connochaetes,gnou,LM3,DSCN2656,1,0
Bovidae,Alcelaphini,Connochaetes,gnou,LM3,DSCN2660,1,0
Bovidae,Alcelaphini,Connochaetes,gnou,LM3,DSCN2664,1,0
Bovidae,Alcelaphini,Connochaetes,gnou,LM3,DSCN2668,1,0
Bovidae,Alcelaphini,Connochaetes,gnou,LM3,DSCN2671,-2,0
Bovidae,Alcelaphini,Connochaetes,gnou,LM3,DSCN2674,1,0
Bovidae,Alcelaphini,Connochaetes,gnou,LM3,DSCN2677,1,0
Bovidae,Alcelaphini,Connochaetes,gnou,LM3,DSCN2680,1,0
Bovidae,Alcelaphini,Connochaetes,gnou,LM3,DSCN2684,1,0
Bovidae,Alcelaphini,Connochaetes,gnou,LM3,DSCN2688,-2,0
Bovidae,Alcelaphini,Connochaetes,gnou,LM3,DSCN2692,1,0
Bovidae,Alcelaphini,Connochaetes,gnou,LM3,DSCN2696,1,0
Bovidae,Alcelaphini,Connochaetes,gnou,LM3,DSCN2743,-2,0
Bovidae,Alcelaphini,Connochaetes,gnou,LM3,DSCN3126,1,0
Bovidae,Alcelaphini,Connochaetes,gnou,LM3,DSCN4161,-1,1
Bovidae,Alcelaphini,Connochaetes,gnou,LM3,DSCN4165,-1,1
Bovidae,Alcelaphini,Connochaetes,gnou,LM3,DSCN4175,-1,1
Bovidae,Alcelaphini,Connochaetes,gnou,LM3,DSCN4179,-1,1
Bovidae,Alcelaphini,Connochaetes,gnou,LM3,DSCN4716,-1,0
Bovidae,Alcelaphini,Connochaetes,gnou,LM3,DSCN4720,-1,0
Bovidae,Alcelaphini,Connochaetes,gnou,LM3,DSCN4724,-1,0
Bovidae,Alcelaphini,Connochaetes,gnou,LM3,DSCN4728,-1,0
Bovidae,Alcelaphini,Connochaetes,gnou,LM3,DSCN4732,-1,0
Bovidae,Alcelaphini,Connochaetes,gnou,LM3,DSCN4736,-1,0
Bovidae,Alcelaphini,Connochaetes,taurinus,LM3,DSCN2762,-1,1
Bovidae,Alcelaphini,Connochaetes,taurinus,LM3,DSCN2766,1,1
Bovidae,Alcelaphini,Connochaetes,taurinus,LM3,DSCN2770,0,1
Bovidae,Alcelaphini,Connochaetes,taurinus,LM3,DSCN2774,1,1
Bovidae,Alcelaphini,Connochaetes,taurinus,LM3,DSCN2778,1,1
Bovidae,Alcelaphini,Connochaetes,taurinus,LM3,DSCN2783,1,0
Bovidae,Alcelaphini,Connochaetes,taurinus,LM3,DSCN2787,1,1
Bovidae,Alcelaphini,Connochaetes,taurinus,LM3,DSCN2791,1,1
Bovidae,Alcelaphini,Connochaetes,taurinus,LM3,DSCN2795,1,0
Bovidae,Alcelaphini,Connochaetes,taurinus,LM3,DSCN2799,1,1
Bovidae,Alcelaphini,Connochaetes,taurinus,LM3,DSCN2803,1,0
Bovidae,Alcelaphini,Connochaetes,taurinus,LM3,DSCN2807,-2,0
Bovidae,Alcelaphini,Connochaetes,taurinus,LM3,DSCN4626,1,1
Bovidae,Alcelaphini,Connochaetes,taurinus,LM3,DSCN4630,1,1
Bovidae,Alcelaphini,Connochaetes,taurinus,LM3,DSCN4633,1,1
Bovidae,Alcelaphini,Connochaetes,taurinus,LM3,DSCN4637,-2,1
Bovidae,Alcelaphini,Connochaetes,taurinus,LM3,DSCN4641,1,0
Bovidae,Alcelaphini,Connochaetes,taurinus,LM3,DSCN4644,1,1
Bovidae,Alcelaphini,Connochaetes,taurinus,LM3,DSCN4648,1,1
Bovidae,Alcelaphini,Connochaetes,taurinus,LM3,DSCN4653,-2,1
Bovidae,Alcelaphini,Connochaetes,taurinus,LM3,DSCN4657,1,0
Bovidae,Alcelaphini,Connochaetes,taurinus,LM3,DSCN4670,-1,1
Bovidae,Alcelaphini,Connochaetes,taurinus,LM3,DSCN4676,-1,1
Bovidae,Alcelaphini,Connochaetes,taurinus,LM3,DSCN4679,-1,1
Bovidae,Alcelaphini,Connochaetes,taurinus,LM3,DSCN4687,1,1
Bovidae,Alcelaphini,Damaliscus,dorcas,LM3,DSCN3017,1,1
Bovidae,Alcelaphini,Damaliscus,dorcas,LM3,DSCN3021,1,1
Bovidae,Alcelaphini,Damaliscus,dorcas,LM3,DSCN3025,1,1
Bovidae,Alcelaphini,Damaliscus,dorcas,LM3,DSCN3029,1,1
Bovidae,Alcelaphini,Damaliscus,dorcas,LM3,DSCN3033,1,1
Bovidae,Alcelaphini,Damaliscus,dorcas,LM3,DSCN3037,1,1
Bovidae,Alcelaphini,Damaliscus,dorcas,LM3,DSCN3041,1,0
Bovidae,Alcelaphini,Damaliscus,dorcas,LM3,DSCN3045,1,1
Bovidae,Alcelaphini,Damaliscus,dorcas,LM3,DSCN3049,1,1
Bovidae,Alcelaphini,Damaliscus,dorcas,LM3,DSCN3053,1,1
Bovidae,Alcelaphini,Damaliscus,dorcas,LM3,DSCN3057,0,1
Bovidae,Alcelaphini,Damaliscus,dorcas,LM3,DSCN3062,0,1
Bovidae,Alcelaphini,Damaliscus,dorcas,LM3,DSCN3075,1,1
Bovidae,Alcelaphini,Damaliscus,dorcas,LM3,DSCN3078,0,1
Bovidae,Alcelaphini,Damaliscus,dorcas,LM3,DSCN3081,1,1
Bovidae,Alcelaphini,Damaliscus,dorcas,LM3,DSCN3084,0,1
Bovidae,Alcelaphini,Damaliscus,dorcas,LM3,DSCN3097,1,0
Bovidae,Alcelaphini,Damaliscus,dorcas,LM3,DSCN3102,1,1
Bovidae,Alcelaphini,Damaliscus,dorcas,LM3,DSCN3106,1,1
Bovidae,Alcelaphini,Damaliscus,dorcas,LM3,DSCN3110,0,1
Bovidae,Alcelaphini,Damaliscus,dorcas,LM3,DSCN4092,1,1
Bovidae,Alcelaphini,Damaliscus,dorcas,LM3,DSCN4097,1,1
Bovidae,Alcelaphini,Damaliscus,dorcas,LM3,DSCN4101,1,0
Bovidae,Alcelaphini,Damaliscus,dorcas,LM3,DSCN4105,0,1
Bovidae,Alcelaphini,Damaliscus,dorcas,LM3,DSCN4109,0,1
Bovidae,Alcelaphini,Damaliscus,dorcas,LM3,DSCN4113,0,1
Bovidae,Alcelaphini,Damaliscus,dorcas,LM3,DSCN4117,1,1
Bovidae,Alcelaphini,Damaliscus,dorcas,LM3,DSCN4121,1,1
Bovidae,Alcelaphini,Damaliscus,dorcas,LM3,DSCN4125,1,1
Bovidae,Alcelaphini,Damaliscus,dorcas,LM3,DSCN4129,-2,0
Bovidae,Alcelaphini,Damaliscus,dorcas,LM3,DSCN4133,1,1
Bovidae,Antilopini,Antidorcas,marsupialis,LM3,DSCN3193,-2,0
Bovidae,Antilopini,Antidorcas,marsupialis,LM3,DSCN3194,0,0
Bovidae,Antilopini,Antidorcas,marsupialis,LM3,DSCN3198,0,0
Bovidae,Antilopini,Antidorcas,marsupialis,LM3,DSCN3202,1,0
Bovidae,Antilopini,Antidorcas,marsupialis,LM3,DSCN3206,1,0
Bovidae,Antilopini,Antidorcas,marsupialis,LM3,DSCN3208,0,0
Bovidae,Antilopini,Antidorcas,marsupialis,LM3,DSCN3212,1,0
Bovidae,Antilopini,Antidorcas,marsupialis,LM3,DSCN3216,-2,0
Bovidae,Antilopini,Antidorcas,marsupialis,LM3,DSCN3220,1,0
Bovidae,Antilopini,Antidorcas,marsupialis,LM3,DSCN3224,1,0
Bovidae,Antilopini,Antidorcas,marsupialis,LM3,DSCN3229,1,0
Bovidae,Antilopini,Antidorcas,marsupialis,LM3,DSCN4252,-2,0
Bovidae,Antilopini,Antidorcas,marsupialis,LM3,DSCN4256,-2,0
Bovidae,Antilopini,Antidorcas,marsupialis,LM3,DSCN4260,1,0
Bovidae,Antilopini,Antidorcas,marsupialis,LM3,DSCN4264,1,0
Bovidae,Antilopini,Antidorcas,marsupialis,LM3,DSCN4268,0,0
Bovidae,Antilopini,Antidorcas,marsupialis,LM3,DSCN4272,1,0
Bovidae,Antilopini,Antidorcas,marsupialis,LM3,DSCN4275,0,0
Bovidae,Antilopini,Antidorcas,marsupialis,LM3,DSCN4279,0,0
Bovidae,Antilopini,Antidorcas,marsupialis,LM3,DSCN4282,1,0
Bovidae,Antilopini,Antidorcas,marsupialis,LM3,DSCN4286,1,0
Bovidae,Antilopini,Antidorcas,marsupialis,LM3,DSCN4288,1,0
Bovidae,Antilopini,Antidorcas,marsupialis,LM3,DSCN4294,1,0
Bovidae,Antilopini,Antidorcas,marsupialis,LM3,DSCN4299,1,0
Bovidae,Antilopini,Antidorcas,marsupialis,LM3,DSCN4303,1,0
Bovidae,Antilopini,Antidorcas,marsupialis,LM3,DSCN4307,1,0
Bovidae,Antilopini,Antidorcas,marsupialis,LM3,DSCN4311,1,0
Bovidae,Antilopini,Antidorcas,marsupialis,LM3,DSCN4315,1,0
Bovidae,Antilopini,Antidorcas,marsupialis,LM3,DSCN4319,0,0
Bovidae,Antilopini,Antidorcas,marsupialis,LM3,DSCN4323,1,0
Bovidae,Antilopini,Antidorcas,marsupialis,LM3,IMG_1446,1,0
Bovidae,Antilopini,Antidorcas,marsupialis,LM3,IMG_1456,1,0
Bovidae,Antilopini,Antidorcas,marsupialis,LM3,IMG_1463,1,0
Bovidae,Antilopini,Antidorcas,marsupialis,LM3,IMG_1471,-2,0
Bovidae,Antilopini,Antidorcas,marsupialis,LM3,IMG_1478,1,0
Bovidae,Antilopini,Antidorcas,marsupialis,LM3,IMG_1486,1,0
Bovidae,Bovini,Syncerus,caffer,LM3,DSCN4040,-2,0
Bovidae,Bovini,Syncerus,caffer,LM3,DSCN4045,1,0
Bovidae,Bovini,Syncerus,caffer,LM3,DSCN4493,1,0
Bovidae,Bovini,Syncerus,caffer,LM3,DSCN4497,1,0
Bovidae,Bovini,Syncerus,caffer,LM3,DSCN4502,1,0
Bovidae,Bovini,Syncerus,caffer,LM3,DSCN4507,1,0
Bovidae,Bovini,Syncerus,caffer,LM3,DSCN4511,1,0
Bovidae,Bovini,Syncerus,caffer,LM3,DSCN4516,1,0
Bovidae,Bovini,Syncerus,caffer,LM3,DSCN4520,1,0
Bovidae,Bovini,Syncerus,caffer,LM3,DSCN4524,1,0
Bovidae,Bovini,Syncerus,caffer,LM3,DSCN4528,1,0
Bovidae,Bovini,Syncerus,caffer,LM3,DSCN4531,1,0
Bovidae,Bovini,Syncerus,caffer,LM3,DSCN4535,1,0
Bovidae,Bovini,Syncerus,caffer,LM3,DSCN4539,0,0
Bovidae,Bovini,Syncerus,caffer,LM3,DSCN4543,1,0
Bovidae,Bovini,Syncerus,caffer,LM3,DSCN4554,1,0
Bovidae,Bovini,Syncerus,caffer,LM3,DSCN5745,1,0
Bovidae,Bovini,Syncerus,caffer,LM3,DSCN5749,1,0
Bovidae,Bovini,Syncerus,caffer,LM3,DSCN5755,1,0
Bovidae,Bovini,Syncerus,caffer,LM3,DSCN5759,1,0
Bovidae,Bovini,Syncerus,caffer,LM3,DSCN5763,1,0
Bovidae,Bovini,Syncerus,caffer,LM3,DSCN6059,1,0
Bovidae,Bovini,Syncerus,caffer,LM3,DSCN6063,0,0
Bovidae,Bovini,Syncerus,caffer,LM3,DSCN6067,-2,0
Bovidae,Hippotragini,Hippotragus,equinus,LM3,DSC_1001,1,0
Bovidae,Hippotragini,Hippotragus,equinus,LM3,DSC_1006,1,0
Bovidae,Hippotragini,Hippotragus,equinus,LM3,DSC_1011,1,0
Bovidae,Hippotragini,Hippotragus,equinus,LM3,DSC_1016,1,0
Bovidae,Hippotragini,Hippotragus,equinus,LM3,DSC_1021,1,0
Bovidae,Hippotragini,Hippotragus,equinus,LM3,DSC_1026,1,0
Bovidae,Hippotragini,Hippotragus,equinus,LM3,DSCN3972,0,0
Bovidae,Hippotragini,Hippotragus,equinus,LM3,DSCN3978,1,0
Bovidae,Hippotragini,Hippotragus,equinus,LM3,DSCN5808,1,0
Bovidae,Hippotragini,Hippotragus,equinus,LM3,DSCN5812,1,0
Bovidae,Hippotragini,Hippotragus,equinus,LM3,DSCN5816,1,0
Bovidae,Hippotragini,Hippotragus,equinus,LM3,DSCN5820,1,0
Bovidae,Hippotragini,Hippotragus,equinus,LM3,DSCN5825,0,0
Bovidae,Hippotragini,Hippotragus,equinus,LM3,DSCN5828,1,0
Bovidae,Hippotragini,Hippotragus,equinus,LM3,DSCN5832,1,0
Bovidae,Hippotragini,Hippotragus,equinus,LM3,DSCN5836,1,0
Bovidae,Hippotragini,Hippotragus,equinus,LM3,DSCN5840,1,0
Bovidae,Hippotragini,Hippotragus,equinus,LM3,DSCN5842,1,0
Bovidae,Hippotragini,Hippotragus,equinus,LM3,DSCN5846,1,0
Bovidae,Hippotragini,Hippotragus,equinus,LM3,IMG_5216,-1,0
Bovidae,Hippotragini,Hippotragus,equinus,LM3,IMG_5229,-1,0
Bovidae,Hippotragini,Hippotragus,equinus,LM3,IMG_5236,-1,0
Bovidae,Hippotragini,Hippotragus,equinus,LM3,IMG_5255,-1,0
Bovidae,Hippotragini,Hippotragus,equinus,LM3,IMG_5263,-1,0
Bovidae,Hippotragini,Hippotragus,equinus,LM3,IMG_5273,-1,0
Bovidae,Hippotragini,Hippotragus,equinus,LM3,IMG_5280,-1,0
Bovidae,Hippotragini,Hippotragus,equinus,LM3,IMG_5288,-1,0
Bovidae,Hippotragini,Hippotragus,equinus,LM3,IMG_5295,-1,0
Bovidae,Hippotragini,Hippotragus,equinus,LM3,IMG_5296,-1,0
Bovidae,Hippotragini,Hippotragus,niger,LM3,DSC_1031,1,0
Bovidae,Hippotragini,Hippotragus,niger,LM3,DSC_1036,1,0
Bovidae,Hippotragini,Hippotragus,niger,LM3,DSC_1041,1,0
Bovidae,Hippotragini,Hippotragus,niger,LM3,DSC_1046,-2,0
Bovidae,Hippotragini,Hippotragus,niger,LM3,DSC_1050,1,0
Bovidae,Hippotragini,Hippotragus,niger,LM3,DSC_1055,1,0
Bovidae,Hippotragini,Hippotragus,niger,LM3,DSC_1061,1,0
Bovidae,Hippotragini,Hippotragus,niger,LM3,DSC_1066,1,0
Bovidae,Hippotragini,Hippotragus,niger,LM3,DSC_1071,1,0
Bovidae,Hippotragini,Hippotragus,niger,LM3,DSCN3948,1,0
Bovidae,Hippotragini,Hippotragus,niger,LM3,DSCN5969,1,0
Bovidae,Hippotragini,Hippotragus,niger,LM3,DSCN5973,1,0
Bovidae,Hippotragini,Hippotragus,niger,LM3,DSCN5976,1,0
Bovidae,Hippotragini,Hippotragus,niger,LM3,DSCN5980,1,0
Bovidae,Hippotragini,Hippotragus,niger,LM3,DSCN5984,1,0
Bovidae,Hippotragini,Hippotragus,niger,LM3,DSCN5988,1,0
Bovidae,Hippotragini,Hippotragus,niger,LM3,DSCN5992,1,0
Bovidae,Hippotragini,Hippotragus,niger,LM3,DSCN6000,1,0
Bovidae,Hippotragini,Hippotragus,niger,LM3,DSCN6003,1,0
Bovidae,Hippotragini,Hippotragus,niger,LM3,DSCN6007,1,0
Bovidae,Hippotragini,Hippotragus,niger,LM3,DSCN6011,1,0
Bovidae,Hippotragini,Hippotragus,niger,LM3,DSCN6015,1,0
Bovidae,Hippotragini,Hippotragus,niger,LM3,DSCN6019,1,0
Bovidae,Hippotragini,Hippotragus,niger,LM3,DSCN6024,1,0
Bovidae,Hippotragini,Hippotragus,niger,LM3,DSCN6028,1,0
Bovidae,Hippotragini,Hippotragus,niger,LM3,IMG_1498,1,0
Bovidae,Hippotragini,Hippotragus,niger,LM3,IMG_5189,-1,0
Bovidae,Hippotragini,Oryx,gazella,LM3,DSC_0955,1,0
Bovidae,Hippotragini,Oryx,gazella,LM3,DSC_0961,1,0
Bovidae,Hippotragini,Oryx,gazella,LM3,DSC_0966,1,0
Bovidae,Hippotragini,Oryx,gazella,LM3,DSC_0974,1,0
Bovidae,Hippotragini,Oryx,gazella,LM3,DSC_0979,1,0
Bovidae,Hippotragini,Oryx,gazella,LM3,DSC_0986,1,0
Bovidae,Hippotragini,Oryx,gazella,LM3,DSC_0991,1,0
Bovidae,Hippotragini,Oryx,gazella,LM3,DSC_0996,1,0
Bovidae,Hippotragini,Oryx,gazella,LM3,DSCN3850,0,0
Bovidae,Hippotragini,Oryx,gazella,LM3,DSCN3854,1,0
Bovidae,Hippotragini,Oryx,gazella,LM3,DSCN3858,1,0
Bovidae,Hippotragini,Oryx,gazella,LM3,DSCN3861,1,0
Bovidae,Hippotragini,Oryx,gazella,LM3,DSCN3865,1,0
Bovidae,Hippotragini,Oryx,gazella,LM3,DSCN3872,0,0
Bovidae,Hippotragini,Oryx,gazella,LM3,DSCN3876,1,0
Bovidae,Hippotragini,Oryx,gazella,LM3,DSCN3880,1,0
Bovidae,Hippotragini,Oryx,gazella,LM3,DSCN3884,1,0
Bovidae,Hippotragini,Oryx,gazella,LM3,DSCN3919,-2,0
Bovidae,Hippotragini,Oryx,gazella,LM3,DSCN3923,1,0
Bovidae,Hippotragini,Oryx,gazella,LM3,DSCN6046,1,0
Bovidae,Hippotragini,Oryx,gazella,LM3,DSCN6050,1,0
Bovidae,Hippotragini,Oryx,gazella,LM3,DSCN6055,1,0
Bovidae,Neotragini,Oreotragus,oreotragus,LM3,DSCN5553,1,0
Bovidae,Neotragini,Oreotragus,oreotragus,LM3,DSCN5557,1,0
Bovidae,Neotragini,Oreotragus,oreotragus,LM3,DSCN5561,1,0
Bovidae,Neotragini,Oreotragus,oreotragus,LM3,DSCN5565,-2,0
Bovidae,Neotragini,Oreotragus,oreotragus,LM3,DSCN5569,1,0
Bovidae,Neotragini,Oreotragus,oreotragus,LM3,DSCN5573,1,0
Bovidae,Neotragini,Oreotragus,oreotragus,LM3,DSCN5577,0,0
Bovidae,Neotragini,Oreotragus,oreotragus,LM3,DSCN5580,1,0
Bovidae,Neotragini,Oreotragus,oreotragus,LM3,DSCN5584,1,0
Bovidae,Neotragini,Oreotragus,oreotragus,LM3,DSCN5588,1,0
Bovidae,Neotragini,Oreotragus,oreotragus,LM3,DSCN5592,1,0
Bovidae,Neotragini,Oreotragus,oreotragus,LM3,DSCN5596,1,0
Bovidae,Neotragini,Oreotragus,oreotragus,LM3,IMG_1244,0,0
Bovidae,Neotragini,Oreotragus,oreotragus,LM3,IMG_1253,1,0
Bovidae,Neotragini,Oreotragus,oreotragus,LM3,IMG_1264,1,0
Bovidae,Neotragini,Oreotragus,oreotragus,LM3,IMG_1277,1,0
Bovidae,Neotragini,Oreotragus,oreotragus,LM3,IMG_1286,-2,0
Bovidae,Neotragini,Oreotragus,oreotragus,LM3,IMG_1314,1,0
Bovidae,Neotragini,Oreotragus,oreotragus,LM3,IMG_1322,1,0
Bovidae,Neotragini,Oreotragus,oreotragus,LM3,IMG_1332,1,0
Bovidae,Neotragini,Oreotragus,oreotragus,LM3,IMG_1355,1,0
Bovidae,Neotragini,Oreotragus,oreotragus,LM3,IMG_4811,-1,0
Bovidae,Neotragini,Oreotragus,oreotragus,LM3,IMG_4821,-1,0
Bovidae,Neotragini,Oreotragus,oreotragus,LM3,IMG_4830,-1,0
Bovidae,Neotragini,Oreotragus,oreotragus,LM3,IMG_4840,-1,0
Bovidae,Neotragini,Oreotragus,oreotragus,LM3,IMG_4851,-1,0
Bovidae,Neotragini,Oreotragus,oreotragus,LM3,IMG_4859,-1,0
Bovidae,Neotragini,Oreotragus,oreotragus,LM3,IMG_4872,-1,0
Bovidae,Neotragini,Oreotragus,oreotragus,LM3,IMG_4883,-1,0
Bovidae,Neotragini,Oreotragus,oreotragus,LM3,IMG_4894,-1,0
Bovidae,Neotragini,Oreotragus,oreotragus,LM3,IMG_4904,-1,0
Bovidae,Neotragini,Oreotragus,oreotragus,LM3,IMG_4913,-1,0
Bovidae,Neotragini,Oreotragus,oreotragus,LM3,IMG_4922,-1,0
Bovidae,Neotragini,Oreotragus,oreotragus,LM3,IMG_4930,-1,0
Bovidae,Neotragini,Oreotragus,oreotragus,LM3,IMG_4939,1,0
Bovidae,Neotragini,Ourebia,ourebi,LM3,DSCN3790,0,0
Bovidae,Neotragini,Ourebia,ourebi,LM3,DSCN3794,1,0
Bovidae,Neotragini,Ourebia,ourebi,LM3,DSCN5628,1,0
Bovidae,Neotragini,Ourebia,ourebi,LM3,DSCN5632,1,0
Bovidae,Neotragini,Ourebia,ourebi,LM3,DSCN5636,1,0
Bovidae,Neotragini,Ourebia,ourebi,LM3,DSCN5640,0,0
Bovidae,Neotragini,Ourebia,ourebi,LM3,DSCN5644,-2,0
Bovidae,Neotragini,Ourebia,ourebi,LM3,DSCN5648,0,0
Bovidae,Neotragini,Ourebia,ourebi,LM3,DSCN5652,1,0
Bovidae,Neotragini,Ourebia,ourebi,LM3,IMG_1072,1,0
Bovidae,Neotragini,Ourebia,ourebi,LM3,IMG_1084,1,0
Bovidae,Neotragini,Ourebia,ourebi,LM3,IMG_1092,1,0
Bovidae,Neotragini,Ourebia,ourebi,LM3,IMG_1098,0,0
Bovidae,Neotragini,Ourebia,ourebi,LM3,IMG_1110,1,0
Bovidae,Neotragini,Ourebia,ourebi,LM3,IMG_1120,1,0
Bovidae,Neotragini,Ourebia,ourebi,LM3,IMG_1129,0,0
Bovidae,Neotragini,Ourebia,ourebi,LM3,IMG_1136,1,0
Bovidae,Neotragini,Ourebia,ourebi,LM3,IMG_1145,1,0
Bovidae,Neotragini,Ourebia,ourebi,LM3,IMG_5004,-1,0
Bovidae,Neotragini,Ourebia,ourebi,LM3,IMG_5010,-1,0
Bovidae,Neotragini,Ourebia,ourebi,LM3,IMG_5020,-1,0
Bovidae,Neotragini,Ourebia,ourebi,LM3,IMG_5027,-1,0
Bovidae,Neotragini,Ourebia,ourebi,LM3,IMG_5035,-1,0
Bovidae,Neotragini,Ourebia,ourebi,LM3,IMG_5041,-1,0
Bovidae,Neotragini,Ourebia,ourebi,LM3,IMG_5049,-1,0
Bovidae,Neotragini,Ourebia,ourebi,LM3,IMG_5056,-1,0
Bovidae,Neotragini,Ourebia,ourebi,LM3,IMG_5066,-1,0
Bovidae,Neotragini,Ourebia,ourebi,LM3,IMG_5075,-1,0
Bovidae,Neotragini,Ourebia,ourebi,LM3,IMG_5084,-1,0
Bovidae,Neotragini,Ourebia,ourebi,LM3,IMG_5090,-1,0
Bovidae,Neotragini,Ourebia,ourebi,LM3,IMG_5099,-1,0
Bovidae,Neotragini,Ourebia,ourebi,LM3,IMG_5107,-1,0
Bovidae,Neotragini,Ourebia,ourebi,LM3,IMG_5115,-1,0
Bovidae,Neotragini,Ourebia,ourebi,LM3,IMG_5136,-1,0
Bovidae,Neotragini,Pelea,capreolus,LM3,DSCN3767,1,0
Bovidae,Neotragini,Pelea,capreolus,LM3,DSCN3772,0,0
Bovidae,Neotragini,Pelea,capreolus,LM3,DSCN3776,1,0
Bovidae,Neotragini,Pelea,capreolus,LM3,DSCN5683,1,0
Bovidae,Neotragini,Pelea,capreolus,LM3,DSCN5687,1,0
Bovidae,Neotragini,Pelea,capreolus,LM3,DSCN5691,1,0
Bovidae,Neotragini,Pelea,capreolus,LM3,DSCN5695,1,0
Bovidae,Neotragini,Pelea,capreolus,LM3,DSCN5699,1,0
Bovidae,Neotragini,Pelea,capreolus,LM3,DSCN5703,1,0
Bovidae,Neotragini,Pelea,capreolus,LM3,DSCN5707,1,0
Bovidae,Neotragini,Pelea,capreolus,LM3,IMG_0723,1,0
Bovidae,Neotragini,Pelea,capreolus,LM3,IMG_0739,1,0
Bovidae,Neotragini,Pelea,capreolus,LM3,IMG_0745,1,0
Bovidae,Neotragini,Pelea,capreolus,LM3,IMG_0755,1,0
Bovidae,Neotragini,Pelea,capreolus,LM3,IMG_0766,1,0
Bovidae,Neotragini,Pelea,capreolus,LM3,IMG_0775,1,0
Bovidae,Neotragini,Pelea,capreolus,LM3,IMG_0866,1,0
Bovidae,Neotragini,Raphicerus,campestris,LM3,DSC_0936,-1,0
Bovidae,Neotragini,Raphicerus,campestris,LM3,DSC_0943,-1,0
Bovidae,Neotragini,Raphicerus,campestris,LM3,DSC_0947,-1,0
Bovidae,Neotragini,Raphicerus,campestris,LM3,DSC_0951,-1,0
Bovidae,Neotragini,Raphicerus,campestris,LM3,DSCN3665,-1,0
Bovidae,Neotragini,Raphicerus,campestris,LM3,DSCN3669,-1,0
Bovidae,Neotragini,Raphicerus,campestris,LM3,DSCN3675,-1,0
Bovidae,Neotragini,Raphicerus,campestris,LM3,DSCN3678,-1,0
Bovidae,Neotragini,Raphicerus,campestris,LM3,DSCN3720,-1,0
Bovidae,Neotragini,Raphicerus,campestris,LM3,DSCN3721,-1,0
Bovidae,Neotragini,Raphicerus,campestris,LM3,DSCN3726,-1,0
Bovidae,Neotragini,Raphicerus,campestris,LM3,DSCN3730,-1,0
Bovidae,Neotragini,Raphicerus,campestris,LM3,DSCN3734,-1,0
Bovidae,Neotragini,Raphicerus,campestris,LM3,DSCN3738,-1,0
Bovidae,Neotragini,Raphicerus,campestris,LM3,DSCN3742,-1,0
Bovidae,Neotragini,Raphicerus,campestris,LM3,DSCN3747,-1,0
Bovidae,Neotragini,Raphicerus,campestris,LM3,DSCN3751,-1,0
Bovidae,Neotragini,Raphicerus,campestris,LM3,DSCN5421,-1,0
Bovidae,Neotragini,Raphicerus,campestris,LM3,DSCN5425,-1,0
Bovidae,Neotragini,Raphicerus,campestris,LM3,DSCN5430,-1,0
Bovidae,Neotragini,Raphicerus,campestris,LM3,DSCN5434,-1,0
Bovidae,Neotragini,Raphicerus,campestris,LM3,DSCN5439,-1,0
Bovidae,Neotragini,Raphicerus,campestris,LM3,DSCN5444,-1,0
Bovidae,Neotragini,Raphicerus,campestris,LM3,DSCN5449,-1,0
Bovidae,Neotragini,Raphicerus,campestris,LM3,DSCN5453,-1,0
Bovidae,Neotragini,Raphicerus,campestris,LM3,DSCN5457,-1,0
Bovidae,Neotragini,Raphicerus,campestris,LM3,DSCN5461,-1,0
Bovidae,Neotragini,Raphicerus,campestris,LM3,DSCN5465,-1,0
Bovidae,Neotragini,Raphicerus,campestris,LM3,DSCN5469,-1,0
Bovidae,Neotragini,Raphicerus,campestris,LM3,DSCN5474,-1,0
Bovidae,Neotragini,Raphicerus,campestris,LM3,DSCN5478,-1,0
Bovidae,Neotragini,Raphicerus,campestris,LM3,DSCN5483,-1,0
Bovidae,Neotragini,Raphicerus,campestris,LM3,DSCN5487,-1,0
Bovidae,Neotragini,Raphicerus,campestris,LM3,DSCN5491,-1,0
Bovidae,Reduncini,Kobus,ellipsiprymnus,LM3,DSCN3541,-1,0
Bovidae,Reduncini,Kobus,ellipsiprymnus,LM3,DSCN3545,-1,0
Bovidae,Reduncini,Kobus,ellipsiprymnus,LM3,DSCN3549,-1,0
Bovidae,Reduncini,Kobus,ellipsiprymnus,LM3,DSCN3554,-1,0
Bovidae,Reduncini,Kobus,ellipsiprymnus,LM3,DSCN3557,-1,0
Bovidae,Reduncini,Kobus,ellipsiprymnus,LM3,DSCN3561,-1,0
Bovidae,Reduncini,Kobus,ellipsiprymnus,LM3,DSCN3565,-1,0
Bovidae,Reduncini,Kobus,ellipsiprymnus,LM3,DSCN3569,-1,0
Bovidae,Reduncini,Kobus,ellipsiprymnus,LM3,DSCN3573,-1,0
Bovidae,Reduncini,Kobus,ellipsiprymnus,LM3,DSCN3577,-1,0
Bovidae,Reduncini,Kobus,ellipsiprymnus,LM3,DSCN3581,-1,0
Bovidae,Reduncini,Kobus,ellipsiprymnus,LM3,DSCN3585,-1,0
Bovidae,Reduncini,Kobus,ellipsiprymnus,LM3,DSCN3589,-1,0
Bovidae,Reduncini,Kobus,ellipsiprymnus,LM3,DSCN3593,-1,0
Bovidae,Reduncini,Kobus,ellipsiprymnus,LM3,DSCN3598,-1,1
Bovidae,Reduncini,Kobus,ellipsiprymnus,LM3,DSCN3602,-1,0
Bovidae,Reduncini,Kobus,ellipsiprymnus,LM3,DSCN3622,-1,0
Bovidae,Reduncini,Kobus,ellipsiprymnus,LM3,DSCN6524,-1,0
Bovidae,Reduncini,Kobus,ellipsiprymnus,LM3,DSCN6527,-1,0
Bovidae,Reduncini,Kobus,ellipsiprymnus,LM3,DSCN6531,-1,0
Bovidae,Reduncini,Kobus,ellipsiprymnus,LM3,DSCN6535,-1,0
Bovidae,Reduncini,Kobus,ellipsiprymnus,LM3,DSCN6539,-1,0
Bovidae,Reduncini,Kobus,ellipsiprymnus,LM3,DSCN6543,-1,0
Bovidae,Reduncini,Kobus,ellipsiprymnus,LM3,DSCN6547,-1,0
Bovidae,Reduncini,Kobus,ellipsiprymnus,LM3,DSCN6551,-1,0
Bovidae,Reduncini,Kobus,ellipsiprymnus,LM3,DSCN6555,-1,0
Bovidae,Reduncini,Kobus,ellipsiprymnus,LM3,DSCN6559,-1,0
Bovidae,Reduncini,Kobus,ellipsiprymnus,LM3,DSCN6563,-1,0
Bovidae,Reduncini,Kobus,ellipsiprymnus,LM3,DSCN6567,-1,0
Bovidae,Reduncini,Kobus,ellipsiprymnus,LM3,DSCN6571,-1,0
Bovidae,Reduncini,Kobus,leche,LM3,DSCN3521,-1,0
Bovidae,Reduncini,Kobus,leche,LM3,DSCN6669,-1,0
Bovidae,Reduncini,Kobus,leche,LM3,DSCN6673,-1,0
Bovidae,Reduncini,Kobus,leche,LM3,DSCN6677,-1,0
Bovidae,Reduncini,Kobus,leche,LM3,DSCN6681,-1,0
Bovidae,Reduncini,Kobus,leche,LM3,DSCN6684,-1,0
Bovidae,Reduncini,Kobus,leche,LM3,DSCN6689,-1,0
Bovidae,Reduncini,Kobus,leche,LM3,DSCN6692,-1,0
Bovidae,Reduncini,Kobus,leche,LM3,DSCN6696,-1,0
Bovidae,Reduncini,Kobus,leche,LM3,DSCN6700,-1,0
Bovidae,Reduncini,Kobus,leche,LM3,DSCN6704,-1,0
Bovidae,Reduncini,Kobus,leche,LM3,DSCN6708,-1,0
Bovidae,Reduncini,Kobus,leche,LM3,DSCN6712,-1,0
Bovidae,Reduncini,Kobus,leche,LM3,DSCN6716,-1,0
Bovidae,Reduncini,Kobus,leche,LM3,DSCN6720,-1,0
Bovidae,Reduncini,Kobus,leche,LM3,DSCN6723,-1,0
Bovidae,Reduncini,Kobus,leche,LM3,DSCN6727,-1,0
Bovidae,Reduncini,Kobus,leche,LM3,DSCN6731,-1,0
Bovidae,Reduncini,Kobus,leche,LM3,DSCN6735,-1,0
Bovidae,Reduncini,Kobus,leche,LM3,DSCN6739,-1,0
Bovidae,Reduncini,Kobus,leche,LM3,DSCN6743,-1,0
Bovidae,Reduncini,Kobus,leche,LM3,DSCN6747,-1,0
Bovidae,Reduncini,Kobus,leche,LM3,DSCN6753,-1,0
Bovidae,Reduncini,Kobus,leche,LM3,DSCN6758,-1,0
Bovidae,Reduncini,Redunca,arundinum,LM3,DSCN3406,-1,0
Bovidae,Reduncini,Redunca,arundinum,LM3,DSCN3410,-1,0
Bovidae,Reduncini,Redunca,arundinum,LM3,DSCN3415,-1,0
Bovidae,Reduncini,Redunca,arundinum,LM3,DSCN3419,-1,0
Bovidae,Reduncini,Redunca,arundinum,LM3,DSCN3422,-1,0
Bovidae,Reduncini,Redunca,arundinum,LM3,DSCN3426,-1,0
Bovidae,Reduncini,Redunca,arundinum,LM3,DSCN3432,-1,0
Bovidae,Reduncini,Redunca,arundinum,LM3,DSCN3438,-1,0
Bovidae,Reduncini,Redunca,arundinum,LM3,DSCN3441,-1,0
Bovidae,Reduncini,Redunca,arundinum,LM3,DSCN3445,-1,0
Bovidae,Reduncini,Redunca,arundinum,LM3,DSCN3493,-1,0
Bovidae,Reduncini,Redunca,arundinum,LM3,DSCN3496,-1,0
Bovidae,Reduncini,Redunca,arundinum,LM3,DSCN3499,-1,0
Bovidae,Reduncini,Redunca,arundinum,LM3,DSCN3503,-1,0
Bovidae,Reduncini,Redunca,arundinum,LM3,DSCN3506,-1,0
Bovidae,Reduncini,Redunca,arundinum,LM3,DSCN6376,-1,0
Bovidae,Reduncini,Redunca,arundinum,LM3,DSCN6380,-1,0
Bovidae,Reduncini,Redunca,arundinum,LM3,DSCN6384,-1,0
Bovidae,Reduncini,Redunca,arundinum,LM3,DSCN6388,-1,0
Bovidae,Reduncini,Redunca,arundinum,LM3,DSCN6391,-1,0
Bovidae,Reduncini,Redunca,arundinum,LM3,DSCN6395,-1,0
Bovidae,Reduncini,Redunca,arundinum,LM3,DSCN6401,-1,0
Bovidae,Reduncini,Redunca,arundinum,LM3,DSCN6405,-1,0
Bovidae,Reduncini,Redunca,arundinum,LM3,DSCN6409,-1,0
Bovidae,Reduncini,Redunca,arundinum,LM3,DSCN6413,-1,0
Bovidae,Reduncini,Redunca,arundinum,LM3,DSCN6417,-1,0
Bovidae,Reduncini,Redunca,arundinum,LM3,DSCN6421,-1,0
Bovidae,Reduncini,Redunca,fulvorufulva,LM3,DSCN3389,-1,0
Bovidae,Reduncini,Redunca,fulvorufulva,LM3,DSCN3393,-1,0
Bovidae,Reduncini,Redunca,fulvorufulva,LM3,DSCN3398,-1,0
Bovidae,Reduncini,Redunca,fulvorufulva,LM3,DSCN3517,-1,0
Bovidae,Reduncini,Redunca,fulvorufulva,LM3,DSCN4350,-1,0
Bovidae,Reduncini,Redunca,fulvorufulva,LM3,DSCN4353,-1,0
Bovidae,Reduncini,Redunca,fulvorufulva,LM3,DSCN6177,-1,0
Bovidae,Reduncini,Redunca,fulvorufulva,LM3,DSCN6182,-1,0
Bovidae,Reduncini,Redunca,fulvorufulva,LM3,DSCN6186,-1,0
Bovidae,Reduncini,Redunca,fulvorufulva,LM3,DSCN6189,-1,0
Bovidae,Reduncini,Redunca,fulvorufulva,LM3,DSCN6194,-1,0
Bovidae,Reduncini,Redunca,fulvorufulva,LM3,DSCN6198,-1,0
Bovidae,Reduncini,Redunca,fulvorufulva,LM3,DSCN6202,-1,0
Bovidae,Reduncini,Redunca,fulvorufulva,LM3,DSCN6206,-1,0
Bovidae,Reduncini,Redunca,fulvorufulva,LM3,DSCN6211,-1,0
Bovidae,Reduncini,Redunca,fulvorufulva,LM3,DSCN6215,-1,0
Bovidae,Reduncini,Redunca,fulvorufulva,LM3,DSCN6219,-1,0
Bovidae,Reduncini,Redunca,fulvorufulva,LM3,DSCN6224,-1,0
Bovidae,Reduncini,Redunca,fulvorufulva,LM3,DSCN6228,-1,0
Bovidae,Reduncini,Redunca,fulvorufulva,LM3,DSCN6232,-1,0
Bovidae,Reduncini,Redunca,fulvorufulva,LM3,DSCN6236,-1,0
Bovidae,Reduncini,Redunca,fulvorufulva,LM3,DSCN6240,-1,0
Bovidae,Reduncini,Redunca,fulvorufulva,LM3,DSCN6244,-1,0
Bovidae,Reduncini,Redunca,fulvorufulva,LM3,DSCN6252,-1,0
Bovidae,Reduncini,Redunca,fulvorufulva,LM3,DSCN6256,-1,0
Bovidae,Reduncini,Redunca,fulvorufulva,LM3,DSCN6260,-1,0
Bovidae,Reduncini,Redunca,fulvorufulva,LM3,DSCN6264,-1,0
Bovidae,Reduncini,Redunca,fulvorufulva,LM3,DSCN6268,-1,0
Bovidae,Reduncini,Redunca,fulvorufulva,LM3,DSCN6273,-1,0
Bovidae,Reduncini,Redunca,fulvorufulva,LM3,DSCN6277,-1,0
Bovidae,Tragelaphini,Taurotragus,oryx,LM3,DSCN3287,-1,0
Bovidae,Tragelaphini,Taurotragus,oryx,LM3,DSCN3295,-1,0
Bovidae,Tragelaphini,Taurotragus,oryx,LM3,DSCN3304,-1,0
Bovidae,Tragelaphini,Taurotragus,oryx,LM3,DSCN3305,-1,0
Bovidae,Tragelaphini,Taurotragus,oryx,LM3,DSCN3310,-1,0
Bovidae,Tragelaphini,Taurotragus,oryx,LM3,DSCN3314,-1,0
Bovidae,Tragelaphini,Taurotragus,oryx,LM3,DSCN3318,-1,0
Bovidae,Tragelaphini,Taurotragus,oryx,LM3,DSCN4899,-1,0
Bovidae,Tragelaphini,Taurotragus,oryx,LM3,DSCN4903,-1,0
Bovidae,Tragelaphini,Taurotragus,oryx,LM3,DSCN4907,-1,0
Bovidae,Tragelaphini,Taurotragus,oryx,LM3,DSCN4913,-1,0
Bovidae,Tragelaphini,Taurotragus,oryx,LM3,DSCN4917,-1,0
Bovidae,Tragelaphini,Taurotragus,oryx,LM3,DSCN7384,-1,0
Bovidae,Tragelaphini,Taurotragus,oryx,LM3,DSCN7388,-1,0
Bovidae,Tragelaphini,Taurotragus,oryx,LM3,DSCN7392,-1,0
Bovidae,Tragelaphini,Taurotragus,oryx,LM3,DSCN7396,-1,0
Bovidae,Tragelaphini,Taurotragus,oryx,LM3,DSCN7400,-1,0
Bovidae,Tragelaphini,Taurotragus,oryx,LM3,DSCN7404,-1,0
Bovidae,Tragelaphini,Taurotragus,oryx,LM3,DSCN7408,-1,0
Bovidae,Tragelaphini,Taurotragus,oryx,LM3,DSCN7412,-1,0
Bovidae,Tragelaphini,Taurotragus,oryx,LM3,DSCN7416,-1,0
Bovidae,Tragelaphini,Taurotragus,oryx,LM3,DSCN7420,-1,0
Bovidae,Tragelaphini,Taurotragus,oryx,LM3,DSCN7424,-1,0
Bovidae,Tragelaphini,Tragelaphus,scriptus,LM3,DSCN3332,-1,0
Bovidae,Tragelaphini,Tragelaphus,scriptus,LM3,DSCN3337,-1,0
Bovidae,Tragelaphini,Tragelaphus,scriptus,LM3,DSCN5043,-1,0
Bovidae,Tragelaphini,Tragelaphus,scriptus,LM3,DSCN5047,-1,0
Bovidae,Tragelaphini,Tragelaphus,scriptus,LM3,DSCN5055,-1,0
Bovidae,Tragelaphini,Tragelaphus,scriptus,LM3,DSCN5056,-1,0
Bovidae,Tragelaphini,Tragelaphus,scriptus,LM3,DSCN5061,-1,0
Bovidae,Tragelaphini,Tragelaphus,scriptus,LM3,DSCN5065,-1,0
Bovidae,Tragelaphini,Tragelaphus,scriptus,LM3,DSCN5069,-1,0
Bovidae,Tragelaphini,Tragelaphus,scriptus,LM3,DSCN5073,-1,0
Bovidae,Tragelaphini,Tragelaphus,scriptus,LM3,DSCN5077,-1,0
Bovidae,Tragelaphini,Tragelaphus,scriptus,LM3,DSCN5081,-1,0
Bovidae,Tragelaphini,Tragelaphus,scriptus,LM3,DSCN5085,-1,0
Bovidae,Tragelaphini,Tragelaphus,scriptus,LM3,DSCN5089,-1,0
Bovidae,Tragelaphini,Tragelaphus,scriptus,LM3,DSCN5093,-1,0
Bovidae,Tragelaphini,Tragelaphus,scriptus,LM3,DSCN5097,-1,0
Bovidae,Tragelaphini,Tragelaphus,scriptus,LM3,DSCN5102,-1,0
Bovidae,Tragelaphini,Tragelaphus,scriptus,LM3,DSCN5107,-1,0
Bovidae,Tragelaphini,Tragelaphus,scriptus,LM3,DSCN5112,-1,0
Bovidae,Tragelaphini,Tragelaphus,scriptus,LM3,DSCN5117,-1,0
Bovidae,Tragelaphini,Tragelaphus,scriptus,LM3,DSCN5121,-1,0
Bovidae,Tragelaphini,Tragelaphus,scriptus,LM3,DSCN5125,-1,0
Bovidae,Tragelaphini,Tragelaphus,scriptus,LM3,DSCN5129,-1,0
Bovidae,Tragelaphini,Tragelaphus,scriptus,LM3,DSCN5133,-1,0
Bovidae,Tragelaphini,Tragelaphus,scriptus,LM3,DSCN5137,-1,0
Bovidae,Tragelaphini,Tragelaphus,scriptus,LM3,DSCN5141,-1,0
Bovidae,Tragelaphini,Tragelaphus,scriptus,LM3,DSCN5145,-1,0
Bovidae,Tragelaphini,Tragelaphus,scriptus,LM3,DSCN5149,-1,0
Bovidae,Tragelaphini,Tragelaphus,scriptus,LM3,DSCN5153,-1,0
Bovidae,Tragelaphini,Tragelaphus,scriptus,LM3,DSCN5157,-1,0
Bovidae,Tragelaphini,Tragelaphus,scriptus,LM3,IMG_1365,1,0
Bovidae,Tragelaphini,Tragelaphus,scriptus,LM3,IMG_1372,1,0
Bovidae,Tragelaphini,Tragelaphus,scriptus,LM3,IMG_1390,1,0
Bovidae,Tragelaphini,Tragelaphus,scriptus,LM3,IMG_1398,0,0
Bovidae,Tragelaphini,Tragelaphus,scriptus,LM3,IMG_1413,0,0
Bovidae,Tragelaphini,Tragelaphus,scriptus,LM3,IMG_1421,1,0
Bovidae,Tragelaphini,Tragelaphus,strepsiceros,LM3,DSCN3359,-1,0
Bovidae,Tragelaphini,Tragelaphus,strepsiceros,LM3,DSCN3364,-1,0
Bovidae,Tragelaphini,Tragelaphus,strepsiceros,LM3,DSCN3368,-1,0
Bovidae,Tragelaphini,Tragelaphus,strepsiceros,LM3,DSCN4338,-1,0
Bovidae,Tragelaphini,Tragelaphus,strepsiceros,LM3,DSCN4342,-1,0
Bovidae,Tragelaphini,Tragelaphus,strepsiceros,LM3,DSCN5239,-1,0
Bovidae,Tragelaphini,Tragelaphus,strepsiceros,LM3,DSCN5246,-1,0
Bovidae,Tragelaphini,Tragelaphus,strepsiceros,LM3,DSCN5250,-1,0
Bovidae,Tragelaphini,Tragelaphus,strepsiceros,LM3,DSCN5254,-1,0
Bovidae,Tragelaphini,Tragelaphus,strepsiceros,LM3,DSCN5258,-1,0
Bovidae,Tragelaphini,Tragelaphus,strepsiceros,LM3,DSCN5262,-1,0
Bovidae,Tragelaphini,Tragelaphus,strepsiceros,LM3,DSCN5266,-1,0
Bovidae,Tragelaphini,Tragelaphus,strepsiceros,LM3,DSCN5270,-1,0
Bovidae,Tragelaphini,Tragelaphus,strepsiceros,LM3,DSCN5274,-1,0
Bovidae,Tragelaphini,Tragelaphus,strepsiceros,LM3,DSCN5278,-1,0
Bovidae,Tragelaphini,Tragelaphus,strepsiceros,LM3,DSCN5282,-1,0
Bovidae,Tragelaphini,Tragelaphus,strepsiceros,LM3,DSCN5286,-1,0
Bovidae,Tragelaphini,Tragelaphus,strepsiceros,LM3,DSCN5290,-1,0
Bovidae,Tragelaphini,Tragelaphus,strepsiceros,LM3,DSCN5293,-1,0
Bovidae,Tragelaphini,Tragelaphus,strepsiceros,LM3,DSCN5297,-1,0
Bovidae,Tragelaphini,Tragelaphus,strepsiceros,LM3,DSCN5301,-1,0
Bovidae,Tragelaphini,Tragelaphus,strepsiceros,LM3,DSCN5305,-1,0
Bovidae,Tragelaphini,Tragelaphus,strepsiceros,LM3,DSCN5309,-1,0
Bovidae,Tragelaphini,Tragelaphus,strepsiceros,LM3,IMG_1516,1,0
