GV4820,LM3,,,
GV7530,LM3,,,
GV8534,LM3,,,
GV7758,LM3,,,
GV8948,LM3,broken,,
GV5854,LM3,broken,,
GV8303,LM3,,,
GV7653,LM3,,,
GV8252,LM3,,,
GV6051,LM3,,,
GV5852,LM3,,,
GV7746,LM3,,,
GV8305,LM3,,,
GV8251,LM3,broken,,
GV7112,LM3,,,
GV6925,LM3,broken,,
GV5288,LM3,broken,,
GV8089,LM3,broken,,
GV6162,LM3,broken,,
GV8882A,LM3,broken,,
GV7833,UM3,,,
GV8097,UM3,,,
GV7902A,UM3,,,
GV7984,UM3,broken,,
GV5073,UM3,broken,,
GV7974,UM3,,,
GV5371,UM3,,,
GV7226,UM3,broken,,
GV6946,UM3,broken,,
GV5285,UM3,,,
GV8358A,UM3,broken,,
GV4819,UM2,,,
GV5119,UM1,,,
GV5335,UM2,,,
GV8654,UM1,,,
GV8159,UM1,,,
GV5341,UM1,broken,,
GV7570,LM2,broken,,
GV4825,LM2,,,
GV5264,LM2,,,
GV6941,LM1,,,
GV8292,LM1,,,
GV4955,LM1,broken,,
GV8911,LM2,,,
GV5385,UM2,broken,,
GV7540,LM1,,,
GV8944,LM1,broken,,
GV8293,LM2,broken,,
GV7028,LM1,broken,,
GV7075,LM1,,,
GV8563,LM1,,,
GV5309,LM1,broken,,
GV7854,LM2,,,
GV5853,LM2,broken,,
GV8336A,LM1,broken,,
GV7068,LM3,broken,,
GV5251,LM2,broken,,
GV5183C,LM2,broken,,
GV7516,LM3,broken,,
GV5256,LM2,broken,,
GV8548,UM2,broken,,
GV4715,LM2,broken,,
GV6258,LM3,broken,,
GV6161,LM2,broken,,
GV8336,LM3,broken,,
GV7923,LM2,broken,,
GV8568,UM2,broken,,
GV7627,LM3,broken,,
GV7113,LM1,broken,,
GV4838,LM2,broken,,
GV8437,LM1,broken,,
GV8285,LM1,broken,,
GV7524,LM2,broken,,