"","image","family","tribe","genus","species","type","complete","corrupt","folds_species","folds_tribe","size"
"1","DSC_0673","Bovidae","Neotragini","Raphicerus","campestris","UM3",1,0,5,5,814.76659402887
"2","DSC_0684","Bovidae","Neotragini","Raphicerus","campestris","UM3",1,0,1,5,882.264068711929
"3","DSC_0688","Bovidae","Neotragini","Raphicerus","campestris","UM3",0,0,5,4,878.849855149555
"4","DSC_0691","Bovidae","Neotragini","Raphicerus","campestris","UM3",0,0,1,1,904.004184082106
"5","DSC_0695","Bovidae","Neotragini","Raphicerus","campestris","UM3",1,0,3,4,980.18795026618
"6","DSC_0701","Bovidae","Neotragini","Raphicerus","campestris","UM3",1,0,2,3,903.862048458375
"7","DSC_0707","Bovidae","Neotragini","Raphicerus","campestris","UM3",1,0,3,3,1135.74429945228
"8","DSC_0714","Bovidae","Neotragini","Raphicerus","campestris","UM3",1,0,1,3,985.234631460406
"9","DSC_0720","Bovidae","Hippotragini","Oryx","gazella","UM3",1,0,4,5,2869.39227792329
"10","DSC_0727","Bovidae","Hippotragini","Oryx","gazella","UM3",1,0,5,3,1092.57272657703
"11","DSC_0737","Bovidae","Hippotragini","Oryx","gazella","UM3",1,0,5,5,3548.89689528128
"12","DSC_0743","Bovidae","Hippotragini","Oryx","gazella","UM3",1,0,5,4,3075.37503398058
"13","DSC_0750","Bovidae","Hippotragini","Oryx","gazella","UM3",1,1,4,2,2735.38513524835
"14","DSC_0756","Bovidae","Hippotragini","Oryx","gazella","UM3",1,1,2,1,3159.31615947754
"15","DSC_0764","Bovidae","Hippotragini","Oryx","gazella","UM3",1,1,1,2,2608.77496219308
"16","DSC_0770","Bovidae","Hippotragini","Oryx","gazella","UM3",1,1,4,3,2353.01046020527
"17","DSC_0776","Bovidae","Hippotragini","Oryx","gazella","UM3",0,0,4,1,2312.47640559575
"18","DSC_0781","Bovidae","Hippotragini","Oryx","gazella","UM3",1,0,1,3,2658.65007051205
"19","DSC_0787","Bovidae","Hippotragini","Oryx","gazella","UM3",1,0,3,3,2957.3090168026
"20","DSC_0793","Bovidae","Hippotragini","Oryx","gazella","UM3",1,1,5,1,2727.64501987817
"21","DSC_0798","Bovidae","Hippotragini","Oryx","gazella","UM3",1,1,4,2,3519.26442764943
"22","DSC_0804","Bovidae","Hippotragini","Oryx","gazella","UM3",1,1,1,4,2473.55461608255
"23","DSC_0813","Bovidae","Hippotragini","Hippotragus","equinus","UM3",1,0,5,2,3652.72027177214
"24","DSC_0819","Bovidae","Hippotragini","Hippotragus","equinus","UM3",1,0,4,2,2581.50288425444
"25","DSC_0826","Bovidae","Hippotragini","Hippotragus","equinus","UM3",1,0,5,3,3158.60548135888
"26","DSC_0832","Bovidae","Hippotragini","Hippotragus","equinus","UM3",1,0,4,1,3309.53441354702
"27","DSC_0835","Bovidae","Hippotragini","Hippotragus","equinus","UM3",1,0,2,5,2765.40237919105
"28","DSC_0841","Bovidae","Hippotragini","Hippotragus","equinus","UM3",1,0,1,3,3313.29891553483
"29","DSC_0847","Bovidae","Hippotragini","Hippotragus","equinus","UM3",1,0,2,1,2704.83383669613
"30","DSC_0853","Bovidae","Hippotragini","Hippotragus","equinus","UM3",1,0,4,1,3055.36074863071
"31","DSC_0859","Bovidae","Hippotragini","Hippotragus","equinus","UM3",1,0,3,3,2680.29682349378
"32","DSC_0865","Bovidae","Hippotragini","Hippotragus","equinus","UM3",1,0,3,4,2346.99321626256
"33","DSC_0871","Bovidae","Hippotragini","Hippotragus","niger","UM3",0,0,4,5,2163.63787720323
"34","DSC_0877","Bovidae","Hippotragini","Hippotragus","niger","UM3",1,0,3,1,3331.17402385381
"35","DSC_0883","Bovidae","Hippotragini","Hippotragus","niger","UM3",1,0,2,2,2279.21147033204
"36","DSC_0891","Bovidae","Hippotragini","Hippotragus","niger","UM3",1,0,5,4,3224.36284067176
"37","DSC_0897","Bovidae","Hippotragini","Hippotragus","niger","UM3",1,0,5,3,2673.66226382087
"38","DSC_0903","Bovidae","Hippotragini","Hippotragus","niger","UM3",1,0,4,5,2980.26233560837
"39","DSC_0909","Bovidae","Hippotragini","Hippotragus","niger","UM3",1,0,3,4,3398.26947828331
"40","DSC_0914","Bovidae","Hippotragini","Hippotragus","niger","UM3",1,0,1,2,2341.89776183306
"41","DSC_0920","Bovidae","Hippotragini","Hippotragus","niger","UM3",1,0,2,1,3336.26947828331
"42","DSCN2518","Bovidae","Alcelaphini","Connochaetes","gnou","UM3",1,1,5,4,1947.94949366117
"43","DSCN2526","Bovidae","Alcelaphini","Connochaetes","gnou","UM3",1,1,2,5,2089.96673760387
"44","DSCN2533","Bovidae","Alcelaphini","Connochaetes","gnou","UM3",1,1,2,2,2263.75562620933
"45","DSCN2540","Bovidae","Alcelaphini","Connochaetes","gnou","UM3",1,0,4,4,2226.45916165304
"46","DSCN2547","Bovidae","Alcelaphini","Connochaetes","gnou","UM3",1,1,5,1,2316.07438534219
"47","DSCN2551","Bovidae","Alcelaphini","Connochaetes","gnou","UM3",1,0,5,1,2295.32921933813
"48","DSCN2559","Bovidae","Alcelaphini","Connochaetes","gnou","UM3",1,0,1,2,2375.14545315406
"49","DSCN2562","Bovidae","Alcelaphini","Connochaetes","gnou","UM3",1,1,1,5,1828.16060505571
"50","DSCN2567","Bovidae","Alcelaphini","Connochaetes","gnou","UM3",1,0,3,1,2481.75562620933
"51","DSCN2572","Bovidae","Alcelaphini","Connochaetes","gnou","UM3",1,0,5,3,2308.27539546897
"52","DSCN2576","Bovidae","Alcelaphini","Connochaetes","gnou","UM3",1,1,5,3,2134.71904628287
"53","DSCN2581","Bovidae","Alcelaphini","Connochaetes","gnou","UM3",1,0,1,5,2183.14545315406
"54","DSCN2585","Bovidae","Alcelaphini","Connochaetes","gnou","UM3",1,0,3,1,2132.11601590254
"55","DSCN2590","Bovidae","Alcelaphini","Connochaetes","gnou","UM3",1,0,3,4,2463.66226382087
"56","DSCN2597","Bovidae","Alcelaphini","Connochaetes","gnou","UM3",-2,0,5,4,2224.45916165304
"57","DSCN2601","Bovidae","Alcelaphini","Connochaetes","gnou","UM3",-2,1,3,4,2065.74848353439
"58","DSCN2606","Bovidae","Alcelaphini","Connochaetes","gnou","UM3",1,0,4,5,1815.45706961199
"59","DSCN2700","Bovidae","Alcelaphini","Connochaetes","gnou","UM3",-2,1,2,3,1698.5870119269
"60","DSCN2704","Bovidae","Alcelaphini","Connochaetes","taurinus","UM3",-1,0,NA,4,2662.54956544867
"61","DSCN2708","Bovidae","Alcelaphini","Connochaetes","taurinus","UM3",1,0,NA,5,2673.10086400089
"62","DSCN2712","Bovidae","Alcelaphini","Connochaetes","taurinus","UM3",-1,0,NA,4,1747.13116780419
"63","DSCN2717","Bovidae","Alcelaphini","Connochaetes","taurinus","UM3",-1,0,NA,4,2189.54747340761
"64","DSCN2721","Bovidae","Alcelaphini","Connochaetes","taurinus","UM3",1,0,NA,5,2488.30692476155
"65","DSCN2725","Bovidae","Alcelaphini","Connochaetes","taurinus","UM3",-2,0,NA,1,2270.61854121948
"66","DSCN2729","Bovidae","Alcelaphini","Connochaetes","taurinus","UM3",-1,0,NA,1,2340.36579926459
"67","DSCN2733","Bovidae","Alcelaphini","Connochaetes","taurinus","UM3",1,0,NA,3,2575.13535188629
"68","DSCN2736","Bovidae","Alcelaphini","Connochaetes","taurinus","UM3",1,0,NA,2,2392.76781951815
"69","DSCN2739","Bovidae","Alcelaphini","Connochaetes","gnou","UM3",1,1,4,5,1975.89061915812
"70","DSCN2747","Bovidae","Alcelaphini","Connochaetes","taurinus","UM3",1,0,NA,3,2379.06933470831
"71","DSCN2751","Bovidae","Alcelaphini","Connochaetes","taurinus","UM3",1,0,NA,5,2670.87546725647
"72","DSCN2755","Bovidae","Alcelaphini","Connochaetes","taurinus","UM3",1,0,NA,1,2379.19422638934
"73","DSCN2759","Bovidae","Alcelaphini","Connochaetes","taurinus","UM3",1,0,NA,5,2417.73838226662
"74","DSCN2810","Bovidae","Alcelaphini","Alcelaphus","buselaphus","UM3",1,0,4,4,1941.44696834422
"75","DSCN2814","Bovidae","Alcelaphini","Alcelaphus","buselaphus","UM3",1,0,5,5,2533.4957415795
"76","DSCN2818","Bovidae","Alcelaphini","Alcelaphus","buselaphus","UM3",0,0,2,4,1821.94949366117
"77","DSCN2822","Bovidae","Alcelaphini","Alcelaphus","buselaphus","UM3",1,0,4,4,2144.04999872455
"78","DSCN2826","Bovidae","Alcelaphini","Alcelaphus","buselaphus","UM3",1,0,1,2,1735.65807973877
"79","DSCN2830","Bovidae","Alcelaphini","Alcelaphus","buselaphus","UM3",1,0,1,2,1797.23167286758
"80","DSCN2834","Bovidae","Alcelaphini","Alcelaphus","buselaphus","UM3",1,0,2,5,2466.09877195983
"81","DSCN2838","Bovidae","Alcelaphini","Alcelaphus","buselaphus","UM3",1,0,5,1,2399.6134905856
"82","DSCN2842","Bovidae","Alcelaphini","Alcelaphus","buselaphus","UM3",1,0,1,3,2551.33636201307
"83","DSCN2846","Bovidae","Alcelaphini","Alcelaphus","buselaphus","UM3",1,0,4,4,2076.57691065914
"84","DSCN2850","Bovidae","Alcelaphini","Alcelaphus","buselaphus","UM3",1,0,3,3,2105.00331753033
"85","DSCN2854","Bovidae","Alcelaphini","Alcelaphus","buselaphus","UM3",1,0,5,1,2494.14040252018
"86","DSCN2858","Bovidae","Alcelaphini","Alcelaphus","buselaphus","UM3",1,0,2,3,1821.68246635641
"87","DSCN2862","Bovidae","Alcelaphini","Alcelaphus","buselaphus","UM3",1,0,4,2,2066.79516472862
"88","DSCN2866","Bovidae","Alcelaphini","Alcelaphus","buselaphus","UM3",1,0,4,2,1998.69465966523
"89","DSCN2933","Bovidae","Alcelaphini","Alcelaphus","buselaphus","UM3",1,0,4,4,2364.78506346085
"90","DSCN2937","Bovidae","Alcelaphini","Damaliscus","dorcas","UM3",1,0,1,3,2039.36370722354
"91","DSCN2941","Bovidae","Alcelaphini","Damaliscus","dorcas","UM3",1,0,1,1,2028.17489040558
"92","DSCN2945","Bovidae","Alcelaphini","Damaliscus","dorcas","UM3",1,0,4,2,1793.09667991878
"93","DSCN2949","Bovidae","Alcelaphini","Damaliscus","dorcas","UM3",1,0,2,2,1914.5525240415
"94","DSCN2953","Bovidae","Alcelaphini","Damaliscus","dorcas","UM3",0,0,1,5,1600.16060505571
"95","DSCN2957","Bovidae","Alcelaphini","Damaliscus","dorcas","UM3",1,0,3,2,1955.29769004556
"96","DSCN2962","Bovidae","Alcelaphini","Damaliscus","dorcas","UM3",1,0,2,1,1919.88347648318
"97","DSCN2966","Bovidae","Alcelaphini","Damaliscus","dorcas","UM3",1,0,1,5,2152.13325984524
"98","DSCN2970","Bovidae","Alcelaphini","Damaliscus","dorcas","UM3",1,0,4,1,1674.20223561605
"99","DSCN2974","Bovidae","Alcelaphini","Damaliscus","dorcas","UM3",1,0,5,1,1865.64083579607
"100","DSCN2977","Bovidae","Alcelaphini","Damaliscus","dorcas","UM3",1,0,5,2,1754.48650686351
"101","DSCN2981","Bovidae","Alcelaphini","Damaliscus","dorcas","UM3",-2,0,2,4,1510.31998462214
"102","DSCN2985","Bovidae","Alcelaphini","Damaliscus","dorcas","UM3",1,0,2,2,2029.60634791066
"103","DSCN2989","Bovidae","Alcelaphini","Damaliscus","dorcas","UM3",1,0,3,4,1741.69971029911
"104","DSCN2995","Bovidae","Alcelaphini","Damaliscus","dorcas","UM3",-2,0,4,1,1586.78087937874
"105","DSCN2999","Bovidae","Alcelaphini","Damaliscus","dorcas","UM3",-2,0,3,4,1587.89357775095
"106","DSCN3003","Bovidae","Alcelaphini","Damaliscus","dorcas","UM3",-2,0,4,4,1677.07229330114
"107","DSCN3007","Bovidae","Alcelaphini","Damaliscus","dorcas","UM3",1,0,1,5,2343.1870837144
"108","DSCN3011","Bovidae","Alcelaphini","Damaliscus","dorcas","UM3",1,0,2,4,1866.85403923166
"109","DSCN3013","Bovidae","Alcelaphini","Damaliscus","dorcas","UM3",1,0,5,4,1861.11392386148
"110","DSCN3114","Bovidae","Alcelaphini","Connochaetes","gnou","UM3",1,1,4,3,2278.01551083915
"111","DSCN3117","Bovidae","Alcelaphini","Connochaetes","gnou","UM3",1,0,2,3,1983.74848353439
"112","DSCN3120","Bovidae","Alcelaphini","Connochaetes","gnou","UM3",-1,0,2,3,2131.08657865101
"113","DSCN3124","Bovidae","Alcelaphini","Connochaetes","gnou","UM3",1,1,1,2,2598.45916165304
"114","DSCN3130","Bovidae","Antilopini","Antidorcas","marsupialis","UM3",0,0,4,3,1854.97178823775
"115","DSCN3134","Bovidae","Antilopini","Antidorcas","marsupialis","UM3",1,0,5,5,1918.78802205368
"116","DSCN3138","Bovidae","Antilopini","Antidorcas","marsupialis","UM3",1,0,1,5,1841.57481861808
"117","DSCN3142","Bovidae","Antilopini","Antidorcas","marsupialis","UM3",1,0,5,5,1475.91796436859
"118","DSCN3146","Bovidae","Antilopini","Antidorcas","marsupialis","UM3",1,0,5,2,1563.59206256079
"119","DSCN3150","Bovidae","Antilopini","Antidorcas","marsupialis","UM3",1,0,4,3,1812.04285604962
"120","DSCN3154","Bovidae","Antilopini","Antidorcas","marsupialis","UM3",1,0,1,5,1442.98903218046
"121","DSCN3159","Bovidae","Antilopini","Antidorcas","marsupialis","UM3",1,0,5,4,1845.95959492893
"122","DSCN3164","Bovidae","Antilopini","Antidorcas","marsupialis","UM3",1,0,3,2,1870.87128317436
"123","DSCN3168","Bovidae","Antilopini","Antidorcas","marsupialis","UM3",1,0,3,1,1476.09458787773
"124","DSCN3172","Bovidae","Antilopini","Antidorcas","marsupialis","UM3",1,0,3,5,1911.74134085945
"125","DSCN3176","Bovidae","Antilopini","Antidorcas","marsupialis","UM3",1,0,4,4,1926.18499167335
"126","DSCN3180","Bovidae","Antilopini","Antidorcas","marsupialis","UM3",1,0,1,3,2020.41038841777
"127","DSCN3184","Bovidae","Antilopini","Antidorcas","marsupialis","UM3",1,0,5,3,1596.74639149334
"128","DSCN3233","Bovidae","Alcelaphini","Connochaetes","taurinus","UM3",1,0,NA,2,2979.49278298667
"129","DSCN3235","Bovidae","Tragelaphini","Taurotragus","oryx","UM3",-1,0,3,2,2971.79429817684
"130","DSCN3239","Bovidae","Tragelaphini","Taurotragus","oryx","UM3",-1,0,2,3,3556.2177464552
"131","DSCN3243","Bovidae","Tragelaphini","Taurotragus","oryx","UM3",-1,0,4,1,3283.26738624226
"132","DSCN3247","Bovidae","Tragelaphini","Taurotragus","oryx","UM3",-1,0,3,3,2892.5567081236
"133","DSCN3251","Bovidae","Tragelaphini","Taurotragus","oryx","UM3",-1,0,5,1,3610.85526472094
"134","DSCN3255","Bovidae","Tragelaphini","Taurotragus","oryx","UM3",-1,0,5,2,3153.37503398058
"135","DSCN3259","Bovidae","Tragelaphini","Taurotragus","oryx","UM3",-1,1,2,2,3622.61262403382
"136","DSCN3263","Bovidae","Tragelaphini","Taurotragus","oryx","UM3",-1,0,1,4,3646.73751571485
"137","DSCN3267","Bovidae","Tragelaphini","Taurotragus","oryx","UM3",-1,1,1,2,3425.52431227925
"138","DSCN3271","Bovidae","Tragelaphini","Taurotragus","oryx","UM3",-1,1,1,4,3208.02979618902
"139","DSCN3276","Bovidae","Tragelaphini","Taurotragus","oryx","UM3",-1,0,5,5,3181.06637611548
"140","DSCN3280","Bovidae","Tragelaphini","Taurotragus","oryx","UM3",-1,0,2,3,3433.05627484771
"141","DSCN3327","Bovidae","Tragelaphini","Tragelaphus","scriptus","UM3",-1,0,2,2,1488.66313037265
"142","DSCN3331","Bovidae","Tragelaphini","Tragelaphus","scriptus","UM3",-1,0,3,4,1616.66313037265
"143","DSCN3345","Bovidae","Tragelaphini","Tragelaphus","strepsiceros","UM3",-1,0,NA,3,3001.11810794359
"144","DSCN3349","Bovidae","Tragelaphini","Tragelaphus","strepsiceros","UM3",-1,0,NA,4,2898.01255224632
"145","DSCN3355","Bovidae","Tragelaphini","Tragelaphus","strepsiceros","UM3",-1,0,NA,1,2609.29473145273
"146","DSCN3373","Bovidae","Reduncini","Redunca","fulvorufulva","UM3",-1,0,5,2,1283.12402512925
"147","DSCN3376","Bovidae","Reduncini","Redunca","fulvorufulva","UM3",-1,0,3,4,1421.59206256079
"148","DSCN3383","Bovidae","Reduncini","Redunca","fulvorufulva","UM3",-1,0,1,2,1360.7220048757
"149","DSCN3450","Bovidae","Reduncini","Redunca","arundinum","UM3",-1,1,4,2,1784.26825279403
"150","DSCN3454","Bovidae","Reduncini","Redunca","arundinum","UM3",-1,1,5,3,1553.77582874486
"151","DSCN3459","Bovidae","Reduncini","Redunca","arundinum","UM3",-1,1,3,2,2154.59415460184
"152","DSCN3462","Bovidae","Reduncini","Redunca","arundinum","UM3",-1,1,4,4,1927.68246635641
"153","DSCN3465","Bovidae","Reduncini","Redunca","arundinum","UM3",-1,1,1,3,2159.10382259372
"154","DSCN3471","Bovidae","Reduncini","Redunca","arundinum","UM3",-1,1,1,5,1619.29054737062
"155","DSCN3475","Bovidae","Reduncini","Redunca","arundinum","UM3",-1,1,5,5,1534.21947955876
"156","DSCN3477","Bovidae","Reduncini","Redunca","arundinum","UM3",-1,1,1,1,1650.17784899841
"157","DSCN3479","Bovidae","Reduncini","Redunca","arundinum","UM3",-1,1,3,1,1689.17279836453
"158","DSCN3483","Bovidae","Reduncini","Redunca","arundinum","UM3",-1,1,4,1,1230.92301500247
"159","DSCN3485","Bovidae","Reduncini","Redunca","arundinum","UM3",-1,1,3,1,1572.74639149334
"160","DSCN3489","Bovidae","Reduncini","Redunca","arundinum","UM3",-1,1,1,5,1820.5697679842
"161","DSCN3510","Bovidae","Reduncini","Redunca","fulvorufulva","UM3",-1,0,2,4,2942.29682349378
"162","DSCN3513","Bovidae","Reduncini","Redunca","fulvorufulva","UM3",-1,0,2,5,1534.31998462214
"163","DSCN3525","Bovidae","Reduncini","Kobus","leche","UM3",-1,0,4,5,1582.40324574283
"164","DSCN3529","Bovidae","Reduncini","Kobus","ellipsiprymnus","UM3",-1,0,5,5,2256.82669402119
"165","DSCN3532","Bovidae","Reduncini","Kobus","ellipsiprymnus","UM3",-1,0,1,3,2793.52727087208
"166","DSCN3533","Bovidae","Reduncini","Kobus","ellipsiprymnus","UM3",-1,0,2,1,2178.58405333407
"167","DSCN3535","Bovidae","Reduncini","Kobus","ellipsiprymnus","UM3",-1,0,2,5,1851.02056147303
"168","DSCN3538","Bovidae","Reduncini","Kobus","ellipsiprymnus","UM3",-1,0,3,4,1978.11601590254
"169","DSCN3614","Bovidae","Reduncini","Kobus","ellipsiprymnus","UM3",-1,0,1,1,2360.99321626256
"170","DSCN3618","Bovidae","Reduncini","Kobus","ellipsiprymnus","UM3",-1,0,5,2,2363.45411101916
"171","DSCN3626","Bovidae","Bovini","Syncerus","caffer","UM3",1,0,4,4,3148.62272530158
"172","DSCN3629","Bovidae","Bovini","Syncerus","caffer","UM3",1,0,4,4,3366.24509166567
"173","DSCN3636","Bovidae","Bovini","Syncerus","caffer","UM3",1,0,4,5,3843.06341752265
"174","DSCN3644","Bovidae","Neotragini","Raphicerus","campestris","UM3",-1,0,3,4,936.021428024809
"175","DSCN3648","Bovidae","Neotragini","Raphicerus","campestris","UM3",-1,0,2,1,838.423448278363
"176","DSCN3651","Bovidae","Neotragini","Raphicerus","campestris","UM3",-1,0,5,5,805.251875403109
"177","DSCN3655","Bovidae","Neotragini","Raphicerus","campestris","UM3",-1,0,2,1,791.109739779378
"178","DSCN3659","Bovidae","Neotragini","Raphicerus","campestris","UM3",-1,0,1,2,914.222438151586
"179","DSCN3662","Bovidae","Neotragini","Raphicerus","campestris","UM3",-1,0,5,4,752.482322781408
"180","DSCN3680","Bovidae","Neotragini","Raphicerus","campestris","UM3",-1,0,1,3,966.607214462436
"181","DSCN3687","Bovidae","Neotragini","Raphicerus","campestris","UM3",-1,0,1,3,933.193000900063
"182","DSCN3691","Bovidae","Neotragini","Raphicerus","campestris","UM3",-1,0,2,5,874.021428024809
"183","DSCN3695","Bovidae","Neotragini","Raphicerus","campestris","UM3",-1,0,4,1,869.009234715989
"184","DSCN3700","Bovidae","Neotragini","Raphicerus","campestris","UM3",-1,0,2,3,853.837661840736
"185","DSCN3704","Bovidae","Neotragini","Raphicerus","campestris","UM3",-1,0,4,3,873.879292401078
"186","DSCN3755","Bovidae","Neotragini","Pelea","capreolus","UM3",1,0,5,4,1395.26616075298
"187","DSCN3759","Bovidae","Neotragini","Pelea","capreolus","UM3",1,0,2,5,1608.74639149334
"188","DSCN3763","Bovidae","Neotragini","Pelea","capreolus","UM3",1,0,3,3,1591.4915574974
"189","DSCN3786","Bovidae","Neotragini","Ourebia","ourebi","UM3",1,0,2,3,1184.88138444213
"190","DSCN3798","Bovidae","Hippotragini","Oryx","gazella","UM3",0,1,1,2,1961.99112422151
"191","DSCN3802","Bovidae","Hippotragini","Oryx","gazella","UM3",1,1,2,4,2882.13744392735
"192","DSCN3806","Bovidae","Hippotragini","Oryx","gazella","UM3",1,1,2,2,2458.79220613579
"193","DSCN3810","Bovidae","Hippotragini","Oryx","gazella","UM3",1,1,1,1,2850.38008461447
"194","DSCN3814","Bovidae","Hippotragini","Oryx","gazella","UM3",1,1,3,4,2072.19213434829
"195","DSCN3818","Bovidae","Hippotragini","Oryx","gazella","UM3",1,1,5,4,2340.92719908458
"196","DSCN3822","Bovidae","Hippotragini","Oryx","gazella","UM3",-2,1,4,5,2154.1088732276
"197","DSCN3828","Bovidae","Hippotragini","Oryx","gazella","UM3",1,1,3,4,3030.50497629549
"198","DSCN3833","Bovidae","Hippotragini","Oryx","gazella","UM3",1,1,3,5,2833.48564031174
"199","DSCN3837","Bovidae","Hippotragini","Oryx","gazella","UM3",1,1,3,4,3221.47553904397
"200","DSCN3841","Bovidae","Hippotragini","Oryx","gazella","UM3",1,1,5,2,3434.21060378027
"201","DSCN3845","Bovidae","Hippotragini","Oryx","gazella","UM3",-2,1,2,1,1928.46926292081
"202","DSCN3927","Bovidae","Hippotragini","Hippotragus","niger","UM3",1,0,1,2,2052.23376490863
"203","DSCN3930","Bovidae","Hippotragini","Hippotragus","niger","UM3",1,0,3,3,2446.08152801713
"204","DSCN3933","Bovidae","Hippotragini","Hippotragus","niger","UM3",1,0,4,3,3180.13744392735
"205","DSCN3937","Bovidae","Hippotragini","Hippotragus","niger","UM3",1,0,5,3,3347.70093578839
"206","DSCN3940","Bovidae","Hippotragini","Hippotragus","niger","UM3",-2,0,3,1,2215.75562620933
"207","DSCN3944","Bovidae","Hippotragini","Hippotragus","niger","UM3",1,0,1,2,3140.58823741618
"208","DSCN3952","Bovidae","Hippotragini","Hippotragus","equinus","UM3",1,0,1,5,3403.37503398058
"209","DSCN3957","Bovidae","Hippotragini","Hippotragus","equinus","UM3",1,0,2,2,2261.37084989848
"210","DSCN3965","Bovidae","Hippotragini","Hippotragus","equinus","UM3",-2,0,4,1,2087.02056147303
"211","DSCN3982","Bovidae","Bovini","Syncerus","caffer","UM3",1,0,3,2,3819.76695296637
"212","DSCN3988","Bovidae","Bovini","Syncerus","caffer","UM3",0,0,5,1,2113.57186002525
"213","DSCN3995","Bovidae","Bovini","Syncerus","caffer","UM3",0,0,1,3,2661.40237919105
"214","DSCN4000","Bovidae","Bovini","Syncerus","caffer","UM3",0,0,1,3,2884.22070504803
"215","DSCN4004","Bovidae","Bovini","Syncerus","caffer","UM3",1,0,2,2,3664.75475965755
"216","DSCN4008","Bovidae","Bovini","Syncerus","caffer","UM3",1,0,2,3,3053.47553904397
"217","DSCN4012","Bovidae","Bovini","Syncerus","caffer","UM3",1,0,3,1,3151.11514935076
"218","DSCN4016","Bovidae","Bovini","Syncerus","caffer","UM3",1,0,4,1,2825.77705423414
"219","DSCN4018","Bovidae","Bovini","Syncerus","caffer","UM3",-2,0,1,4,3289.00454301961
"220","DSCN4022","Bovidae","Bovini","Syncerus","caffer","UM3",1,0,5,3,3326.41161390704
"221","DSCN4031","Bovidae","Bovini","Syncerus","caffer","UM3",1,0,1,4,2886.29682349378
"222","DSCN4035","Bovidae","Bovini","Syncerus","caffer","UM3",1,0,4,3,2930.56385079854
"223","DSCN4052","Bovidae","Alcelaphini","Damaliscus","dorcas","UM3",1,0,3,4,1439.08239456891
"224","DSCN4056","Bovidae","Alcelaphini","Damaliscus","dorcas","UM3",1,0,5,1,1844.91291373471
"225","DSCN4060","Bovidae","Alcelaphini","Damaliscus","dorcas","UM3",1,0,4,3,1686.14336111301
"226","DSCN4064","Bovidae","Alcelaphini","Damaliscus","dorcas","UM3",1,0,5,2,1778.87128317436
"227","DSCN4068","Bovidae","Alcelaphini","Damaliscus","dorcas","UM3",1,0,4,3,1907.38095116624
"228","DSCN4072","Bovidae","Alcelaphini","Damaliscus","dorcas","UM3",1,0,2,3,1642.2438661764
"229","DSCN4076","Bovidae","Alcelaphini","Damaliscus","dorcas","UM3",1,0,1,3,1621.91796436859
"230","DSCN4080","Bovidae","Alcelaphini","Damaliscus","dorcas","UM3",1,0,3,1,2075.80735803744
"231","DSCN4084","Bovidae","Alcelaphini","Damaliscus","dorcas","UM3",1,0,5,5,1991.02056147303
"232","DSCN4088","Bovidae","Alcelaphini","Damaliscus","dorcas","UM3",1,0,3,3,2122.04999872455
"233","DSCN4134","Bovidae","Alcelaphini","Alcelaphus","buselaphus","UM3",1,0,5,5,2514.7261889578
"234","DSCN4138","Bovidae","Alcelaphini","Alcelaphus","buselaphus","UM3",1,0,3,2,2113.3220766632
"235","DSCN4142","Bovidae","Alcelaphini","Alcelaphus","buselaphus","UM3",1,0,5,5,2132.47640559575
"236","DSCN4157","Bovidae","Alcelaphini","Connochaetes","gnou","UM3",-1,1,2,2,2174.63578516218
"237","DSCN4180","Bovidae","Alcelaphini","Connochaetes","taurinus","UM3",-1,0,NA,4,2382.7089450151
"238","DSCN4183","Bovidae","Alcelaphini","Connochaetes","taurinus","UM3",-2,0,NA,3,2091.30483272049
"239","DSCN4187","Bovidae","Antilopini","Antidorcas","marsupialis","UM3",1,0,1,1,1657.17279836453
"240","DSCN4191","Bovidae","Antilopini","Antidorcas","marsupialis","UM3",1,0,2,2,1598.56262530926
"241","DSCN4195","Bovidae","Antilopini","Antidorcas","marsupialis","UM3",1,0,4,1,1825.39105243401
"242","DSCN4197","Bovidae","Antilopini","Antidorcas","marsupialis","UM3",1,0,3,4,1588.30274067944
"243","DSCN4201","Bovidae","Antilopini","Antidorcas","marsupialis","UM3",1,0,3,5,1665.07229330114
"244","DSCN4205","Bovidae","Antilopini","Antidorcas","marsupialis","UM3",1,0,5,3,1501.87633380825
"245","DSCN4209","Bovidae","Antilopini","Antidorcas","marsupialis","UM3",1,0,1,2,1755.45706961199
"246","DSCN4213","Bovidae","Antilopini","Antidorcas","marsupialis","UM3",1,0,2,4,1589.63369312113
"247","DSCN4217","Bovidae","Antilopini","Antidorcas","marsupialis","UM3",1,0,3,1,1446.74639149334
"248","DSCN4221","Bovidae","Antilopini","Antidorcas","marsupialis","UM3",1,0,4,1,1313.81031663027
"249","DSCN4225","Bovidae","Antilopini","Antidorcas","marsupialis","UM3",1,0,2,4,1695.07229330114
"250","DSCN4232","Bovidae","Antilopini","Antidorcas","marsupialis","UM3",1,0,1,3,1371.81031663027
"251","DSCN4236","Bovidae","Antilopini","Antidorcas","marsupialis","UM3",1,0,4,1,1371.79307268756
"252","DSCN4240","Bovidae","Antilopini","Antidorcas","marsupialis","UM3",1,0,2,4,1783.71695424181
"253","DSCN4244","Bovidae","Antilopini","Antidorcas","marsupialis","UM3",0,0,2,2,1341.63369312113
"254","DSCN4248","Bovidae","Antilopini","Antidorcas","marsupialis","UM3",1,0,2,2,1669.17279836453
"255","DSCN4328","Bovidae","Tragelaphini","Tragelaphus","strepsiceros","UM3",-1,0,NA,3,2630.37294193953
"256","DSCN4334","Bovidae","Tragelaphini","Tragelaphus","strepsiceros","UM3",-1,0,NA,4,2533.76276888426
"257","DSCN4347","Bovidae","Reduncini","Redunca","fulvorufulva","UM3",-1,0,5,1,1261.40829637671
"258","DSCN4569","Bovidae","Alcelaphini","Connochaetes","taurinus","UM3",1,0,NA,2,2466.15764646288
"259","DSCN4574","Bovidae","Alcelaphini","Connochaetes","taurinus","UM3",1,0,NA,4,1985.69971029911
"260","DSCN4577","Bovidae","Alcelaphini","Connochaetes","taurinus","UM3",1,0,NA,2,2343.08657865101
"261","DSCN4580","Bovidae","Alcelaphini","Connochaetes","taurinus","UM3",1,0,NA,1,2594.04704013172
"262","DSCN4585","Bovidae","Alcelaphini","Connochaetes","taurinus","UM3",-1,0,NA,3,2252.01551083915
"263","DSCN4589","Bovidae","Alcelaphini","Connochaetes","taurinus","UM3",-1,0,NA,5,2650.79220613579
"264","DSCN4593","Bovidae","Alcelaphini","Connochaetes","taurinus","UM3",1,0,NA,5,2608.54956544867
"265","DSCN4597","Bovidae","Alcelaphini","Connochaetes","taurinus","UM3",1,0,NA,2,2375.06933470831
"266","DSCN4600","Bovidae","Alcelaphini","Connochaetes","taurinus","UM3",-1,0,NA,5,2207.32921933813
"267","DSCN4604","Bovidae","Alcelaphini","Connochaetes","taurinus","UM3",1,0,NA,1,2426.34855532189
"268","DSCN4607","Bovidae","Alcelaphini","Connochaetes","taurinus","UM3",1,0,NA,5,2330.01551083915
"269","DSCN4614","Bovidae","Alcelaphini","Connochaetes","taurinus","UM3",0,0,NA,1,2404.08152801713
"270","DSCN4618","Bovidae","Alcelaphini","Connochaetes","taurinus","UM3",1,0,NA,3,2451.01046020527
"271","DSCN4622","Bovidae","Alcelaphini","Connochaetes","taurinus","UM3",1,0,NA,2,2211.08657865101
"272","DSCN4691","Bovidae","Alcelaphini","Connochaetes","gnou","UM3",-2,1,4,1,1822.20223561605
"273","DSCN4696","Bovidae","Alcelaphini","Connochaetes","gnou","UM3",1,0,4,1,2309.32921933813
"274","DSCN4700","Bovidae","Alcelaphini","Connochaetes","gnou","UM3",1,1,1,2,2115.46421228693
"275","DSCN4704","Bovidae","Alcelaphini","Connochaetes","gnou","UM3",1,1,1,2,2397.67236508864
"276","DSCN4708","Bovidae","Alcelaphini","Connochaetes","gnou","UM3",1,0,3,1,2082.36875785742
"277","DSCN4712","Bovidae","Alcelaphini","Connochaetes","gnou","UM3",0,0,3,5,1871.69971029911
"278","DSCN4741","Bovidae","Alcelaphini","Alcelaphus","buselaphus","UM3",1,0,3,1,2365.37084989848
"279","DSCN4745","Bovidae","Alcelaphini","Alcelaphus","buselaphus","UM3",1,0,3,2,1765.85908986555
"280","DSCN4749","Bovidae","Alcelaphini","Alcelaphus","buselaphus","UM3",1,0,3,3,2255.98102295374
"281","DSCN4753","Bovidae","Alcelaphini","Alcelaphus","buselaphus","UM3",1,0,2,4,1790.46926292081
"282","DSCN4757","Bovidae","Alcelaphini","Alcelaphus","buselaphus","UM3",1,0,3,3,2477.89776183306
"283","DSCN4761","Bovidae","Alcelaphini","Alcelaphus","buselaphus","UM3",0,0,1,4,1834.81240867132
"284","DSCN4765","Bovidae","Alcelaphini","Alcelaphus","buselaphus","UM3",1,0,1,3,2501.57900270019
"285","DSCN4769","Bovidae","Alcelaphini","Alcelaphus","buselaphus","UM3",0,0,2,5,1772.71190360793
"286","DSCN4774","Bovidae","Alcelaphini","Alcelaphus","buselaphus","UM3",1,0,2,1,2599.72113832392
"287","DSCN4778","Bovidae","Alcelaphini","Alcelaphus","buselaphus","UM3",1,0,1,5,1977.77287015203
"288","DSCN4782","Bovidae","Alcelaphini","Alcelaphus","buselaphus","UM3",1,0,5,3,2206.21652096593
"289","DSCN4853","Bovidae","Tragelaphini","Taurotragus","oryx","UM3",-1,0,3,1,3687.70093578839
"290","DSCN4857","Bovidae","Tragelaphini","Taurotragus","oryx","UM3",-1,0,2,2,3305.17402385381
"291","DSCN4861","Bovidae","Tragelaphini","Taurotragus","oryx","UM3",-1,0,5,2,3271.36789130565
"292","DSCN4865","Bovidae","Tragelaphini","Taurotragus","oryx","UM3",-1,1,2,3,3381.12525061853
"293","DSCN4869","Bovidae","Tragelaphini","Taurotragus","oryx","UM3",-1,0,1,5,3827.56594283959
"294","DSCN4876","Bovidae","Tragelaphini","Taurotragus","oryx","UM3",-1,0,2,3,3428.52936291313
"295","DSCN4880","Bovidae","Tragelaphini","Taurotragus","oryx","UM3",-1,0,3,3,3286.26233560837
"296","DSCN4884","Bovidae","Tragelaphini","Taurotragus","oryx","UM3",-1,0,4,1,2280.48354827068
"297","DSCN4887","Bovidae","Tragelaphini","Taurotragus","oryx","UM3",-1,0,3,3,3109.40952186599
"298","DSCN4891","Bovidae","Tragelaphini","Taurotragus","oryx","UM3",-1,0,4,2,3176.0613254816
"299","DSCN4895","Bovidae","Tragelaphini","Taurotragus","oryx","UM3",-1,0,4,4,2971.74552494156
"300","DSCN4921","Bovidae","Tragelaphini","Tragelaphus","scriptus","UM3",-1,0,4,1,1541.14841174689
"301","DSCN4925","Bovidae","Tragelaphini","Tragelaphus","scriptus","UM3",-1,0,1,5,1694.97178823775
"302","DSCN4929","Bovidae","Tragelaphini","Tragelaphus","scriptus","UM3",-1,0,4,5,1508.31998462214
"303","DSCN4933","Bovidae","Tragelaphini","Tragelaphus","scriptus","UM3",-1,0,1,4,1511.10678118655
"304","DSCN4937","Bovidae","Tragelaphini","Tragelaphus","scriptus","UM3",-1,0,3,2,1554.98188950552
"305","DSCN4941","Bovidae","Tragelaphini","Tragelaphus","scriptus","UM3",-1,0,2,4,1331.5260453828
"306","DSCN4945","Bovidae","Tragelaphini","Tragelaphus","scriptus","UM3",-1,0,5,5,1250.61435713737
"307","DSCN4949","Bovidae","Tragelaphini","Tragelaphus","scriptus","UM3",-1,0,3,1,1263.200143575
"308","DSCN4953","Bovidae","Tragelaphini","Tragelaphus","scriptus","UM3",-1,0,5,3,1535.10678118655
"309","DSCN4957","Bovidae","Tragelaphini","Tragelaphus","scriptus","UM3",-1,0,5,5,1514.57986925197
"310","DSCN4961","Bovidae","Tragelaphini","Tragelaphus","scriptus","UM3",-1,0,4,2,1314.23672350146
"311","DSCN4965","Bovidae","Tragelaphini","Tragelaphus","scriptus","UM3",-1,0,1,5,1601.14841174689
"312","DSCN4969","Bovidae","Tragelaphini","Tragelaphus","scriptus","UM3",-1,0,2,1,1589.59206256079
"313","DSCN4973","Bovidae","Tragelaphini","Tragelaphus","scriptus","UM3",-1,0,3,2,1482.70476093299
"314","DSCN4978","Bovidae","Tragelaphini","Tragelaphus","scriptus","UM3",-1,0,4,2,1460.53823869162
"315","DSCN4982","Bovidae","Tragelaphini","Tragelaphus","scriptus","UM3",-1,0,5,1,1400.42048968553
"316","DSCN4986","Bovidae","Tragelaphini","Tragelaphus","scriptus","UM3",-1,0,4,1,1409.36666581637
"317","DSCN4990","Bovidae","Tragelaphini","Tragelaphus","scriptus","UM3",-1,0,4,5,1253.14126907195
"318","DSCN4994","Bovidae","Tragelaphini","Tragelaphus","scriptus","UM3",-1,0,1,4,1327.952452254
"319","DSCN4998","Bovidae","Tragelaphini","Tragelaphus","scriptus","UM3",-1,0,3,2,1279.05800795127
"320","DSCN5002","Bovidae","Tragelaphini","Tragelaphus","scriptus","UM3",-1,0,2,4,1596.43773362824
"321","DSCN5006","Bovidae","Tragelaphini","Tragelaphus","scriptus","UM3",-1,0,5,1,1585.77582874486
"322","DSCN5010","Bovidae","Tragelaphini","Tragelaphus","scriptus","UM3",-1,0,2,4,1200.99913344822
"323","DSCN5014","Bovidae","Tragelaphini","Tragelaphus","scriptus","UM3",-1,0,5,3,1577.34942187367
"324","DSCN5022","Bovidae","Tragelaphini","Tragelaphus","scriptus","UM3",-1,0,1,4,1451.02352006586
"325","DSCN5025","Bovidae","Tragelaphini","Tragelaphus","scriptus","UM3",-1,0,2,3,1559.8174593052
"326","DSCN5029","Bovidae","Tragelaphini","Tragelaphus","scriptus","UM3",-1,0,3,4,1419.85194719061
"327","DSCN5033","Bovidae","Tragelaphini","Tragelaphus","scriptus","UM3",-1,0,1,4,1496.36161518249
"328","DSCN5161","Bovidae","Tragelaphini","Tragelaphus","strepsiceros","UM3",-1,0,NA,4,2845.71103705615
"329","DSCN5165","Bovidae","Tragelaphini","Tragelaphus","strepsiceros","UM3",-1,0,NA,3,2564.11601590254
"330","DSCN5173","Bovidae","Tragelaphini","Tragelaphus","strepsiceros","UM3",-1,0,NA,1,2740.93434175952
"331","DSCN5176","Bovidae","Tragelaphini","Tragelaphus","strepsiceros","UM3",-1,0,NA,1,2807.15973850393
"332","DSCN5177","Bovidae","Tragelaphini","Tragelaphus","strepsiceros","UM3",-1,0,NA,4,2875.36074863071
"333","DSCN5181","Bovidae","Tragelaphini","Tragelaphus","strepsiceros","UM3",-1,0,NA,3,2714.73333163274
"334","DSCN5185","Bovidae","Tragelaphini","Tragelaphus","strepsiceros","UM3",-1,0,NA,5,2510.03989745679
"335","DSCN5189","Bovidae","Tragelaphini","Tragelaphus","strepsiceros","UM3",-1,0,NA,5,2550.63282656935
"336","DSCN5193","Bovidae","Tragelaphini","Tragelaphus","strepsiceros","UM3",-1,0,NA,1,3131.95367774327
"337","DSCN5197","Bovidae","Tragelaphini","Tragelaphus","strepsiceros","UM3",-1,0,NA,3,2747.60338931783
"338","DSCN5201","Bovidae","Tragelaphini","Tragelaphus","strepsiceros","UM3",-1,0,NA,3,2777.60338931783
"339","DSCN5205","Bovidae","Tragelaphini","Tragelaphus","strepsiceros","UM3",-1,0,NA,1,2747.20136906428
"340","DSCN5209","Bovidae","Tragelaphini","Tragelaphus","strepsiceros","UM3",-1,0,NA,3,2722.50793488832
"341","DSCN5213","Bovidae","Tragelaphini","Tragelaphus","strepsiceros","UM3",-1,0,NA,5,2922.08867069207
"342","DSCN5217","Bovidae","Tragelaphini","Tragelaphus","strepsiceros","UM3",-1,0,NA,5,1764.45201897811
"343","DSCN5220","Bovidae","Tragelaphini","Tragelaphus","strepsiceros","UM3",-1,0,NA,5,2424.51803615609
"344","DSCN5224","Bovidae","Tragelaphini","Tragelaphus","strepsiceros","UM3",-1,0,NA,4,3124.49783362056
"345","DSCN5228","Bovidae","Tragelaphini","Tragelaphus","strepsiceros","UM3",-1,0,NA,1,2508.02979618902
"346","DSCN5236","Bovidae","Tragelaphini","Tragelaphus","strepsiceros","UM3",-1,0,NA,2,3109.59328805006
"347","DSCN5313","Bovidae","Tragelaphini","Tragelaphus","strepsiceros","UM3",-1,0,NA,5,2017.36370722354
"348","DSCN5316","Bovidae","Tragelaphini","Tragelaphus","strepsiceros","UM3",-1,0,NA,2,2515.09372132595
"349","DSCN5320","Bovidae","Tragelaphini","Tragelaphus","strepsiceros","UM3",-1,0,NA,5,2223.60634791066
"350","DSCN5323","Bovidae","Tragelaphini","Tragelaphus","strepsiceros","UM3",-1,0,NA,3,2682.60843995171
"351","DSCN5327","Bovidae","Neotragini","Raphicerus","campestris","UM3",-1,0,1,3,854.423448278363
"352","DSCN5331","Bovidae","Neotragini","Raphicerus","campestris","UM3",-1,0,4,3,881.536146650571
"353","DSCN5335","Bovidae","Neotragini","Raphicerus","campestris","UM3",-1,0,4,1,741.896536343781
"354","DSCN5339","Bovidae","Neotragini","Raphicerus","campestris","UM3",-1,0,5,4,1064.38896039296
"355","DSCN5343","Bovidae","Neotragini","Raphicerus","campestris","UM3",-1,0,4,2,888.080302527855
"356","DSCN5347","Bovidae","Neotragini","Raphicerus","campestris","UM3",-1,0,4,1,879.820417898033
"357","DSCN5356","Bovidae","Neotragini","Raphicerus","campestris","UM3",-1,0,4,2,772.080302527855
"358","DSCN5360","Bovidae","Neotragini","Raphicerus","campestris","UM3",-1,0,2,5,776.967604155647
"359","DSCN5364","Bovidae","Neotragini","Raphicerus","campestris","UM3",-1,0,3,4,831.15137033972
"360","DSCN5368","Bovidae","Neotragini","Raphicerus","campestris","UM3",-1,0,2,2,951.092495836675
"361","DSCN5372","Bovidae","Neotragini","Raphicerus","campestris","UM3",-1,0,3,5,908.506709399048
"362","DSCN5376","Bovidae","Neotragini","Raphicerus","campestris","UM3",-1,0,3,5,975.376767084137
"363","DSCN5380","Bovidae","Neotragini","Raphicerus","campestris","UM3",-1,0,3,4,2611.39523651612
"364","DSCN5384","Bovidae","Neotragini","Raphicerus","campestris","UM3",-1,0,1,3,1054.04581464245
"365","DSCN5388","Bovidae","Neotragini","Raphicerus","campestris","UM3",-1,0,5,1,938.565583902094
"366","DSCN5392","Bovidae","Neotragini","Raphicerus","campestris","UM3",-1,0,3,1,799.979797464467
"367","DSCN5396","Bovidae","Neotragini","Raphicerus","campestris","UM3",-1,0,2,1,787.695526217005
"368","DSCN5404","Bovidae","Neotragini","Raphicerus","campestris","UM3",-1,0,5,3,960.531096016687
"369","DSCN5408","Bovidae","Neotragini","Raphicerus","campestris","UM3",-1,0,4,4,947.820417898033
"370","DSCN5503","Bovidae","Neotragini","Oreotragus","oreotragus","UM3",1,0,4,5,801.879292401078
"371","DSCN5507","Bovidae","Neotragini","Oreotragus","oreotragus","UM3",1,0,4,4,858.607214462436
"372","DSCN5511","Bovidae","Neotragini","Oreotragus","oreotragus","UM3",1,0,5,1,925.761543394987
"373","DSCN5515","Bovidae","Neotragini","Oreotragus","oreotragus","UM3",1,0,1,2,958.146319705837
"374","DSCN5519","Bovidae","Neotragini","Oreotragus","oreotragus","UM3",1,0,1,2,916.54833995939
"375","DSCN5523","Bovidae","Neotragini","Oreotragus","oreotragus","UM3",1,0,1,2,795.938166904124
"376","DSCN5526","Bovidae","Neotragini","Oreotragus","oreotragus","UM3",1,0,3,1,847.335136523794
"377","DSCN5533","Bovidae","Neotragini","Oreotragus","oreotragus","UM3",1,0,5,3,975.092495836675
"378","DSCN5537","Bovidae","Neotragini","Oreotragus","oreotragus","UM3",1,0,3,5,822.825468531916
"379","DSCN5541","Bovidae","Neotragini","Oreotragus","oreotragus","UM3",1,0,4,4,859.352380466497
"380","DSCN5545","Bovidae","Neotragini","Oreotragus","oreotragus","UM3",1,0,2,4,932.607214462436
"381","DSCN5549","Bovidae","Neotragini","Oreotragus","oreotragus","UM3",1,0,4,3,829.335136523794
"382","DSCN5600","Bovidae","Neotragini","Ourebia","ourebi","UM3",1,0,5,5,1211.12402512925
"383","DSCN5604","Bovidae","Neotragini","Ourebia","ourebi","UM3",1,0,2,5,1138.31284194721
"384","DSCN5608","Bovidae","Neotragini","Ourebia","ourebi","UM3",1,0,4,1,1047.30064863839
"385","DSCN5612","Bovidae","Neotragini","Ourebia","ourebi","UM3",1,0,5,4,1365.20728624994
"386","DSCN5616","Bovidae","Neotragini","Ourebia","ourebi","UM3",-2,0,1,4,1068.7564927611
"387","DSCN5620","Bovidae","Neotragini","Ourebia","ourebi","UM3",0,0,4,5,954.773736703807
"388","DSCN5624","Bovidae","Neotragini","Ourebia","ourebi","UM3",1,0,5,3,1128.63874375501
"389","DSCN5656","Bovidae","Neotragini","Pelea","capreolus","UM3",1,0,5,4,1305.81031663027
"390","DSCN5660","Bovidae","Neotragini","Pelea","capreolus","UM3",1,0,4,1,1463.0479066835
"391","DSCN5664","Bovidae","Neotragini","Pelea","capreolus","UM3",1,0,2,2,1594.90577105977
"392","DSCN5668","Bovidae","Neotragini","Pelea","capreolus","UM3",1,0,1,4,1236.49660813128
"393","DSCN5672","Bovidae","Neotragini","Pelea","capreolus","UM3",1,0,4,1,1288.92301500247
"394","DSCN5674","Bovidae","Neotragini","Pelea","capreolus","UM3",-2,0,3,2,1481.55043200044
"395","DSCN5678","Bovidae","Neotragini","Pelea","capreolus","UM3",1,0,3,1,1424.52099474892
"396","DSCN5710","Bovidae","Bovini","Syncerus","caffer","UM3",0,0,3,5,2551.19422638934
"397","DSCN5713","Bovidae","Bovini","Syncerus","caffer","UM3",0,0,2,4,3153.52727087208
"398","DSCN5716","Bovidae","Bovini","Syncerus","caffer","UM3",1,0,3,2,3054.70598642227
"399","DSCN5720","Bovidae","Bovini","Syncerus","caffer","UM3",0,0,2,1,2829.82878606224
"400","DSCN5724","Bovidae","Bovini","Syncerus","caffer","UM3",1,0,1,2,268.249783362056
"401","DSCN5728","Bovidae","Bovini","Syncerus","caffer","UM3",1,0,3,5,3335.09076273312
"402","DSCN5732","Bovidae","Bovini","Syncerus","caffer","UM3",1,0,5,2,3994.9872990769
"403","DSCN5736","Bovidae","Bovini","Syncerus","caffer","UM3",0,0,5,5,2190.29978208661
"404","DSCN5739","Bovidae","Bovini","Syncerus","caffer","UM3",1,0,2,1,3167.94357647551
"405","DSCN5767","Bovidae","Hippotragini","Hippotragus","equinus","UM3",1,0,1,2,3295.05627484771
"406","DSCN5771","Bovidae","Hippotragini","Hippotragus","equinus","UM3",1,0,2,5,2433.79011409473
"407","DSCN5774","Bovidae","Hippotragini","Hippotragus","equinus","UM3",1,0,3,3,2871.82878606224
"408","DSCN5778","Bovidae","Hippotragini","Hippotragus","equinus","UM3",1,0,5,4,2660.37294193953
"409","DSCN5782","Bovidae","Hippotragini","Hippotragus","equinus","UM3",1,0,2,2,3289.98520703585
"410","DSCN5785","Bovidae","Hippotragini","Hippotragus","equinus","UM3",1,0,1,5,2776.13744392735
"411","DSCN5789","Bovidae","Hippotragini","Hippotragus","equinus","UM3",1,0,3,5,3253.47553904397
"412","DSCN5793","Bovidae","Hippotragini","Hippotragus","equinus","UM3",1,0,1,4,2671.36074863071
"413","DSCN5797","Bovidae","Hippotragini","Hippotragus","equinus","UM3",1,0,4,5,3158.82373542836
"414","DSCN5800","Bovidae","Hippotragini","Hippotragus","equinus","UM3",1,0,5,2,2721.18412512157
"415","DSCN5804","Bovidae","Hippotragini","Hippotragus","equinus","UM3",1,0,3,3,2434.75057557544
"416","DSCN5850","Bovidae","Hippotragini","Hippotragus","niger","UM3",1,0,5,3,3174.30396616872
"417","DSCN5853","Bovidae","Hippotragini","Hippotragus","niger","UM3",1,0,4,1,3597.72532240603
"418","DSCN5857","Bovidae","Hippotragini","Hippotragus","niger","UM3",1,0,1,3,3189.43390848363
"419","DSCN5861","Bovidae","Hippotragini","Hippotragus","niger","UM3",1,0,3,3,2215.48859890457
"420","DSCN5865","Bovidae","Hippotragini","Hippotragus","niger","UM3",-2,0,5,5,2263.32921933813
"421","DSCN5869","Bovidae","Hippotragini","Hippotragus","niger","UM3",1,0,5,2,2412.90995514188
"422","DSCN5873","Bovidae","Hippotragini","Hippotragus","niger","UM3",1,0,3,1,2623.9221484507
"423","DSCN5877","Bovidae","Hippotragini","Hippotragus","niger","UM3",1,0,4,3,2213.71399564898
"424","DSCN5881","Bovidae","Hippotragini","Hippotragus","niger","UM3",1,0,4,1,3166.74761698261
"425","DSCN5885","Bovidae","Hippotragini","Hippotragus","niger","UM3",1,0,1,4,2515.63787720323
"426","DSCN5889","Bovidae","Hippotragini","Hippotragus","niger","UM3",1,0,3,4,3033.97806436091
"427","DSCN5894","Bovidae","Hippotragini","Hippotragus","niger","UM3",0,0,1,3,2993.3262607453
"428","DSCN5896","Bovidae","Hippotragini","Hippotragus","niger","UM3",1,0,1,5,2324.98607358763
"429","DSCN5900","Bovidae","Hippotragini","Hippotragus","niger","UM3",-2,0,2,4,2034.21652096593
"430","DSCN5903","Bovidae","Hippotragini","Hippotragus","niger","UM3",1,0,5,1,2541.37799257341
"431","DSCN5907","Bovidae","Hippotragini","Hippotragus","niger","UM3",1,0,4,2,3012.5567081236
"432","DSCN5911","Bovidae","Hippotragini","Hippotragus","niger","UM3",1,0,2,2,3034.94862710939
"433","DSCN5915","Bovidae","Hippotragini","Hippotragus","niger","UM3",1,0,1,5,2423.75562620933
"434","DSCN5920","Bovidae","Hippotragini","Hippotragus","niger","UM3",1,0,2,4,2435.88051789035
"435","DSCN5924","Bovidae","Hippotragini","Hippotragus","niger","UM3",1,0,2,1,2333.65512114594
"436","DSCN5927","Bovidae","Hippotragini","Hippotragus","niger","UM3",1,0,2,1,2416.24090758356
"437","DSCN5931","Bovidae","Hippotragini","Hippotragus","niger","UM3",1,0,4,5,3201.03903090501
"438","DSCN5935","Bovidae","Hippotragini","Hippotragus","niger","UM3",1,0,3,5,3418.06846815653
"439","DSCN5939","Bovidae","Hippotragini","Hippotragus","niger","UM3",-2,0,2,4,2453.41962313376
"440","DSCN6032","Bovidae","Hippotragini","Oryx","gazella","UM3",1,1,3,4,2813.91204718293
"441","DSCN6036","Bovidae","Hippotragini","Oryx","gazella","UM3",1,1,1,4,2948.88260993141
"442","DSCN6039","Bovidae","Hippotragini","Oryx","gazella","UM3",-2,1,2,1,2457.1698397717
"443","DSCN6042","Bovidae","Hippotragini","Oryx","gazella","UM3",1,1,2,3,3047.01464428737
"444","DSCN6072","Bovidae","Reduncini","Redunca","fulvorufulva","UM3",-1,0,4,4,1650.08448660996
"445","DSCN6076","Bovidae","Reduncini","Redunca","fulvorufulva","UM3",-1,0,1,5,1371.36666581637
"446","DSCN6080","Bovidae","Reduncini","Redunca","fulvorufulva","UM3",-1,0,1,1,1432.66313037265
"447","DSCN6084","Bovidae","Reduncini","Redunca","fulvorufulva","UM3",-1,0,4,3,1673.90072042589
"448","DSCN6088","Bovidae","Reduncini","Redunca","fulvorufulva","UM3",-1,0,5,3,1660.42763236047
"449","DSCN6092","Bovidae","Reduncini","Redunca","fulvorufulva","UM3",-1,0,4,2,1343.02352006586
"450","DSCN6096","Bovidae","Reduncini","Redunca","fulvorufulva","UM3",-1,0,4,3,1400.21947955876
"451","DSCN6100","Bovidae","Reduncini","Redunca","fulvorufulva","UM3",-1,0,3,1,1618.00122548928
"452","DSCN6105","Bovidae","Reduncini","Redunca","fulvorufulva","UM3",-1,0,4,2,1469.33217793096
"453","DSCN6109","Bovidae","Reduncini","Redunca","fulvorufulva","UM3",-1,0,4,1,1311.08239456891
"454","DSCN6113","Bovidae","Reduncini","Redunca","fulvorufulva","UM3",-1,0,2,5,1387.97683887164
"455","DSCN6118","Bovidae","Reduncini","Redunca","fulvorufulva","UM3",-1,0,1,3,1113.24177413534
"456","DSCN6123","Bovidae","Reduncini","Redunca","fulvorufulva","UM3",-1,0,2,4,1486.11897449537
"457","DSCN6128","Bovidae","Reduncini","Redunca","fulvorufulva","UM3",-1,0,3,3,1289.65093706383
"458","DSCN6132","Bovidae","Reduncini","Redunca","fulvorufulva","UM3",-1,0,1,3,1465.19004230723
"459","DSCN6137","Bovidae","Reduncini","Redunca","fulvorufulva","UM3",-1,0,3,2,1931.6652224137
"460","DSCN6141","Bovidae","Reduncini","Redunca","fulvorufulva","UM3",-1,0,3,4,1564.34437123978
"461","DSCN6145","Bovidae","Reduncini","Redunca","fulvorufulva","UM3",-1,0,1,4,1756.75353416827
"462","DSCN6149","Bovidae","Reduncini","Redunca","fulvorufulva","UM3",-1,0,2,4,1505.57481861808
"463","DSCN6153","Bovidae","Reduncini","Redunca","fulvorufulva","UM3",-1,0,3,5,1502.2611101191
"464","DSCN6157","Bovidae","Reduncini","Redunca","fulvorufulva","UM3",-1,0,2,4,1694.2438661764
"465","DSCN6161","Bovidae","Reduncini","Redunca","fulvorufulva","UM3",-1,0,4,3,1497.44992693706
"466","DSCN6165","Bovidae","Reduncini","Redunca","fulvorufulva","UM3",-1,0,2,2,1476.46212024587
"467","DSCN6169","Bovidae","Reduncini","Redunca","fulvorufulva","UM3",-1,0,1,5,1634.04285604962
"468","DSCN6173","Bovidae","Reduncini","Redunca","fulvorufulva","UM3",-1,0,3,2,1570.10173055266
"469","DSCN6285","Bovidae","Reduncini","Redunca","arundinum","UM3",-1,1,2,2,1492.01846943198
"470","DSCN6289","Bovidae","Reduncini","Redunca","arundinum","UM3",-1,1,2,3,1639.03780541574
"471","DSCN6309","Bovidae","Reduncini","Redunca","arundinum","UM3",-1,1,2,2,1626.93015767741
"472","DSCN6313","Bovidae","Reduncini","Redunca","arundinum","UM3",-1,1,4,5,2080.8784258493
"473","DSCN6317","Bovidae","Reduncini","Redunca","arundinum","UM3",-1,1,5,2,2398.99321626256
"474","DSCN6321","Bovidae","Reduncini","Redunca","arundinum","UM3",-1,1,2,1,1767.45706961199
"475","DSCN6325","Bovidae","Reduncini","Redunca","arundinum","UM3",-1,1,5,2,1355.91796436859
"476","DSCN6329","Bovidae","Reduncini","Redunca","arundinum","UM3",-1,1,1,3,1386.2783540618
"477","DSCN6333","Bovidae","Reduncini","Redunca","arundinum","UM3",-1,1,2,3,1530.10173055266
"478","DSCN6336","Bovidae","Reduncini","Redunca","arundinum","UM3",-1,1,2,3,1717.72409691675
"479","DSCN6340","Bovidae","Reduncini","Redunca","arundinum","UM3",-1,1,4,4,1524.90577105977
"480","DSCN6344","Bovidae","Reduncini","Redunca","arundinum","UM3",-1,1,3,4,1606.64588642995
"481","DSCN6348","Bovidae","Reduncini","Redunca","arundinum","UM3",-1,1,4,5,1863.54033073268
"482","DSCN6351","Bovidae","Reduncini","Redunca","arundinum","UM3",-1,1,3,1,1895.13831047912
"483","DSCN6354","Bovidae","Reduncini","Redunca","arundinum","UM3",-1,1,5,4,2075.89061915812
"484","DSCN6357","Bovidae","Reduncini","Redunca","arundinum","UM3",-1,1,1,1,1586.01846943198
"485","DSCN6360","Bovidae","Reduncini","Redunca","arundinum","UM3",-1,1,5,4,1769.68246635641
"486","DSCN6363","Bovidae","Reduncini","Redunca","arundinum","UM3",-1,1,3,3,1209.58491988585
"487","DSCN6425","Bovidae","Reduncini","Kobus","ellipsiprymnus","UM3",-1,0,3,5,2517.23585694968
"488","DSCN6429","Bovidae","Reduncini","Kobus","ellipsiprymnus","UM3",-1,0,1,5,2645.40237919105
"489","DSCN6433","Bovidae","Reduncini","Kobus","ellipsiprymnus","UM3",-1,0,1,3,2009.93224971846
"490","DSCN6437","Bovidae","Reduncini","Kobus","ellipsiprymnus","UM3",-1,0,3,4,1802.32712729708
"491","DSCN6441","Bovidae","Reduncini","Kobus","ellipsiprymnus","UM3",-1,0,4,4,2387.96377901104
"492","DSCN6445","Bovidae","Reduncini","Kobus","ellipsiprymnus","UM3",-1,0,4,1,2400.58405333407
"493","DSCN6449","Bovidae","Reduncini","Kobus","ellipsiprymnus","UM3",-1,0,2,2,2202.90281246694
"494","DSCN6453","Bovidae","Reduncini","Kobus","ellipsiprymnus","UM3",-1,0,1,1,1984.96168696999
"495","DSCN6457","Bovidae","Reduncini","Kobus","ellipsiprymnus","UM3",-1,0,2,1,2411.78001282697
"496","DSCN6461","Bovidae","Reduncini","Kobus","ellipsiprymnus","UM3",-1,0,5,2,2340.99321626256
"497","DSCN6465","Bovidae","Reduncini","Kobus","ellipsiprymnus","UM3",-1,0,3,5,2387.99826689645
"498","DSCN6468","Bovidae","Reduncini","Kobus","ellipsiprymnus","UM3",-1,0,4,4,2545.84603000495
"499","DSCN6472","Bovidae","Reduncini","Kobus","ellipsiprymnus","UM3",-1,0,2,2,2037.54747340761
"500","DSCN6476","Bovidae","Reduncini","Kobus","ellipsiprymnus","UM3",-1,0,5,1,2352.62568389442
"501","DSCN6480","Bovidae","Reduncini","Kobus","ellipsiprymnus","UM3",-1,0,4,1,2507.57900270019
"502","DSCN6483","Bovidae","Reduncini","Kobus","ellipsiprymnus","UM3",-1,0,4,1,2322.82669402119
"503","DSCN6505","Bovidae","Reduncini","Kobus","ellipsiprymnus","UM3",-1,0,5,2,2490.79220613579
"504","DSCN6509","Bovidae","Reduncini","Kobus","ellipsiprymnus","UM3",-1,0,2,5,2165.58910396796
"505","DSCN6513","Bovidae","Reduncini","Kobus","ellipsiprymnus","UM3",-1,0,3,3,2215.37084989848
"506","DSCN6517","Bovidae","Reduncini","Kobus","ellipsiprymnus","UM3",-1,0,4,2,2465.23585694968
"507","DSCN6521","Bovidae","Reduncini","Kobus","ellipsiprymnus","UM3",-1,0,1,4,2492.60843995171
"508","DSCN6575","Bovidae","Reduncini","Kobus","ellipsiprymnus","UM3",-1,0,3,4,2195.31197539543
"509","DSCN6581","Bovidae","Reduncini","Kobus","leche","UM3",-1,0,5,1,1776.41038841777
"510","DSCN6585","Bovidae","Reduncini","Kobus","leche","UM3",-1,0,3,2,1626.28549673674
"511","DSCN6589","Bovidae","Reduncini","Kobus","leche","UM3",-1,0,5,1,1697.98398154657
"512","DSCN6593","Bovidae","Reduncini","Kobus","leche","UM3",-1,0,2,4,1597.69971029911
"513","DSCN6597","Bovidae","Reduncini","Kobus","leche","UM3",-1,0,3,5,1636.10173055266
"514","DSCN6600","Bovidae","Reduncini","Kobus","leche","UM3",-1,0,5,3,2122.88556852424
"515","DSCN6604","Bovidae","Reduncini","Kobus","leche","UM3",-1,0,2,5,2002.83679528896
"516","DSCN6607","Bovidae","Reduncini","Kobus","leche","UM3",-1,0,4,2,1700.87128317436
"517","DSCN6611","Bovidae","Reduncini","Kobus","leche","UM3",-1,0,5,5,1687.82460198014
"518","DSCN6615","Bovidae","Reduncini","Kobus","leche","UM3",-1,0,3,3,2212.82669402119
"519","DSCN6619","Bovidae","Reduncini","Kobus","leche","UM3",-1,0,4,4,2003.60634791066
"520","DSCN6623","Bovidae","Reduncini","Kobus","leche","UM3",-1,0,1,1,1572.21947955876
"521","DSCN6627","Bovidae","Reduncini","Kobus","leche","UM3",-1,0,3,2,1796.65302910489
"522","DSCN6631","Bovidae","Reduncini","Kobus","leche","UM3",-1,0,4,3,1556.01846943198
"523","DSCN6635","Bovidae","Reduncini","Kobus","leche","UM3",-1,0,1,5,1809.92510704353
"524","DSCN6639","Bovidae","Reduncini","Kobus","leche","UM3",-1,0,2,4,1878.1088732276
"525","DSCN6642","Bovidae","Reduncini","Kobus","leche","UM3",-1,0,1,1,1590.2438661764
"526","DSCN6647","Bovidae","Reduncini","Kobus","leche","UM3",-1,0,2,3,1652.67027304759
"527","DSCN6650","Bovidae","Reduncini","Kobus","leche","UM3",-1,0,1,3,1990.20937829099
"528","DSCN6653","Bovidae","Reduncini","Kobus","leche","UM3",-1,0,4,2,1615.88347648318
"529","DSCN6657","Bovidae","Reduncini","Kobus","leche","UM3",-1,0,1,3,1832.81240867132
"530","DSCN6661","Bovidae","Reduncini","Kobus","leche","UM3",-1,0,3,4,2119.23881554251
"531","DSCN6665","Bovidae","Reduncini","Kobus","leche","UM3",-1,0,2,5,2074.64292783712
"532","DSCN7359","Bovidae","Tragelaphini","Taurotragus","oryx","UM3",-1,0,5,2,3308.8308781033
"533","DSCN7363","Bovidae","Tragelaphini","Taurotragus","oryx","UM3",-1,1,1,4,3261.43390848363
"534","DSCN7367","Bovidae","Tragelaphini","Taurotragus","oryx","UM3",-1,0,4,1,3337.57604410736
"535","DSCN7371","Bovidae","Tragelaphini","Taurotragus","oryx","UM3",-1,0,1,2,3511.37503398058
"536","DSCN7375","Bovidae","Tragelaphini","Taurotragus","oryx","UM3",-1,1,4,2,3420.10295604194
"537","DSCN7379","Bovidae","Tragelaphini","Taurotragus","oryx","UM3",-1,0,3,1,3004.84097937106
"538","IMG_0649","Bovidae","Neotragini","Pelea","capreolus","UM3",1,0,3,2,1579.91796436859
"539","IMG_0664","Bovidae","Neotragini","Pelea","capreolus","UM3",1,0,1,1,1501.93520831129
"540","IMG_0684","Bovidae","Neotragini","Pelea","capreolus","UM3",0,0,2,5,1043.60216382855
"541","IMG_0691","Bovidae","Neotragini","Pelea","capreolus","UM3",0,0,1,1,1619.19004230723
"542","IMG_0703","Bovidae","Neotragini","Pelea","capreolus","UM3",1,0,4,3,1491.44992693706
"543","IMG_0716","Bovidae","Neotragini","Pelea","capreolus","UM3",-2,0,5,2,1404.98188950552
"544","IMG_0790","Bovidae","Neotragini","Pelea","capreolus","UM3",1,0,2,4,1535.67532368147
"545","IMG_0803","Bovidae","Neotragini","Pelea","capreolus","UM3",1,0,1,5,1340.37171645025
"546","IMG_0816","Bovidae","Neotragini","Pelea","capreolus","UM3",-2,0,4,1,1104.87424176719
"547","IMG_0892","Bovidae","Neotragini","Ourebia","ourebi","UM3",1,0,1,4,1218.59711319467
"548","IMG_0904","Bovidae","Neotragini","Ourebia","ourebi","UM3",1,0,3,3,1315.55043200044
"549","IMG_0914","Bovidae","Neotragini","Ourebia","ourebi","UM3",1,0,3,4,1054.28845532957
"550","IMG_0928","Bovidae","Neotragini","Ourebia","ourebi","UM3",1,0,2,5,1432.7220048757
"551","IMG_0941","Bovidae","Neotragini","Ourebia","ourebi","UM3",1,0,3,2,1374.43773362824
"552","IMG_0950","Bovidae","Neotragini","Ourebia","ourebi","UM3",1,0,1,2,1115.88643507601
"553","IMG_0960","Bovidae","Neotragini","Ourebia","ourebi","UM3",1,0,1,1,1170.07020126009
"554","IMG_0970","Bovidae","Neotragini","Ourebia","ourebi","UM3",1,0,1,3,1191.04076400857
"555","IMG_0978","Bovidae","Neotragini","Ourebia","ourebi","UM3",1,0,5,4,932.832611206852
"556","IMG_1009","Bovidae","Neotragini","Ourebia","ourebi","UM3",1,0,2,4,1039.6437943889
"557","IMG_1018","Bovidae","Neotragini","Ourebia","ourebi","UM3",1,0,3,1,1044.57272657703
"558","IMG_1028","Bovidae","Neotragini","Ourebia","ourebi","UM3",1,0,3,1,1129.86919113331
"559","IMG_1152","Bovidae","Neotragini","Ourebia","ourebi","UM3",1,0,2,3,1187.28340469568
"560","IMG_1164","Bovidae","Neotragini","Ourebia","ourebi","UM3",1,0,2,3,1072.57272657703
"561","IMG_1172","Bovidae","Neotragini","Ourebia","ourebi","UM3",1,0,4,4,1081.30064863839
"562","IMG_1177","Bovidae","Neotragini","Ourebia","ourebi","UM3",-2,0,4,5,1001.01637739093
"563","IMG_1188","Bovidae","Neotragini","Ourebia","ourebi","UM3",1,0,4,3,1166.53823869162
"564","IMG_1197","Bovidae","Neotragini","Ourebia","ourebi","UM3",1,0,5,5,1337.91082169365
"565","IMG_1206","Bovidae","Neotragini","Oreotragus","oreotragus","UM3",1,0,3,3,885.050865276332
"566","IMG_1222","Bovidae","Neotragini","Oreotragus","oreotragus","UM3",1,0,4,5,985.092495836675
"567","IMG_1233","Bovidae","Neotragini","Oreotragus","oreotragus","UM3",1,0,1,2,1117.74429945228
"568","IMG_1293","Bovidae","Neotragini","Oreotragus","oreotragus","UM3",1,0,1,2,1031.56053326821
"569","IMG_1302","Bovidae","Neotragini","Oreotragus","oreotragus","UM3",1,0,3,1,834.867099092259
"570","IMG_1340","Bovidae","Neotragini","Oreotragus","oreotragus","UM3",1,0,5,2,928.908729652601
"571","IMG_1345","Bovidae","Neotragini","Oreotragus","oreotragus","UM3",1,0,3,2,882.991990773286
"572","IMG_4948","Bovidae","Neotragini","Oreotragus","oreotragus","UM3",-1,0,1,5,1085.47727214752
"573","IMG_4955","Bovidae","Neotragini","Oreotragus","oreotragus","UM3",-1,0,2,2,833.352380466497
"574","IMG_4964","Bovidae","Neotragini","Oreotragus","oreotragus","UM3",-1,0,2,2,980.991990773286
"575","IMG_4970","Bovidae","Neotragini","Oreotragus","oreotragus","UM3",-1,0,2,4,903.719912834644
"576","IMG_4974","Bovidae","Neotragini","Oreotragus","oreotragus","UM3",-1,0,2,5,926.891485709898
"577","IMG_4984","Bovidae","Neotragini","Oreotragus","oreotragus","UM3",1,0,3,5,902.891485709898
"578","IMG_4989","Bovidae","Neotragini","Oreotragus","oreotragus","UM3",-1,0,4,2,902.447834896002
"579","IMG_4995","Bovidae","Neotragini","Oreotragus","oreotragus","UM3",-1,0,2,2,856.666088965482
"580","IMG_5144","Bovidae","Neotragini","Ourebia","ourebi","UM3",-1,0,4,2,1375.12402512925
"581","IMG_5152","Bovidae","Neotragini","Ourebia","ourebi","UM3",-1,0,3,2,985.17575695736
"582","IMG_5168","Bovidae","Neotragini","Ourebia","ourebi","UM3",-1,0,1,5,1036.57272657703
"583","IMG_5182","Bovidae","Neotragini","Ourebia","ourebi","UM3",-1,0,5,1,1165.50165876516
